4523794,Anakin wig
4659732,Anakin wig
6054819,ANAKIN WIG
6055640,ANAKIN WIG
6058193,ANAKIN WIG
6084837,ANAKIN WIG
6234723,ANAKIN WIG
6020529,"ANGELICA ""NO.1"""
6022293,"ANIMAL NO. 3 - 2013 ""NO. 1"""
6022985,"ANIMAL NO 9 - 2013 ""NO.1"""
4527838,ARM - LEG
4184770,ARM FOR CREATURE
4609182,AURRA SING WIG
4291056,BAD GUY LEG
4494595,BAD GUY LEG
4498543,"BAD GUY LEG,GOLD"
4288111,BAD ROBOT ARM
4288115,BAD ROBOT ARM
4291054,BAD ROBOT ARM
4294993,BAD ROBOT ARM
4294995,BAD ROBOT ARM
4294996,BAD ROBOT ARM
4294997,BAD ROBOT ARM
4296946,BAD ROBOT ARM
4296947,BAD ROBOT ARM
4494600,BAD ROBOT ARM
4528776,BAD ROBOT ARM
4289162,BAD ROBOT WITHOUT ARMS
4290077,BAD ROBOT WITHOUT ARMS
4290094,BAD ROBOT WITHOUT ARMS
4291057,BAD ROBOT WITHOUT ARMS
4494597,BAD ROBOT WITHOUT ARMS
4297302,BAD ROBOT WITHOUT ARMS/CO.INJ.
6167082,BELLATRIX WIG
6310823,BELLATRIX WIG
6348012,BELLATRIX WIG
4633510,BOBBED HAIR
4626931,"BOY`S WIG, HORSE`S TAIL"
4626932,"BOY`S WIG, HORSE`S TAIL"
6144396,"BOY`S WIG, HORSE`S TAIL"
6189258,"BOY`S WIG, HORSE`S TAIL"
6212373,"BOY`S WIG, HORSE`S TAIL"
6287973,"BOY`S WIG, HORSE`S TAIL"
6290250,"BOY`S WIG, HORSE`S TAIL"
6287972,"BOYS WIG, HORSE TAIL"
4153389,DUMBLEDORES WIG
4153390,DUMBLEDORES WIG
4153393,DUMBLEDORES WIG
4227658,DUMBLEDORES WIG
4273792,DUMBLEDORES WIG
4649126,DUMBLEDORES WIG
6034879,EETH KOTH HAIR DEC NO.2.
4622292,EETH KOTH HAIR DEC.
4618265,EVIL WIG
4529159,"EVIL WIG ""NO.1"""
4549196,"EVIL WIG ""NO.2"""
4259775,FIG NO. 4 ON 2X2 PLATE
4259779,FIG NO. 5 ON 2X2 PLATE
4259773,FIG NO.3 ON 2X2 PLATE
4259781,FIG NO.6 ON 2X2 PLATE
4259766,FIG. NO.1 ON 2X2 PLATE
4259769,FIG. NO.2 ON 2X2 PLATE
4162135,FIGUREBRICK 2X2 W. NECK
4162885,FIGUREBRICK 2X2 W. NECK
4162886,FIGUREBRICK 2X2 W. NECK
4163944,FIGUREBRICK 2X2 W. NECK
4163948,FIGUREBRICK 2X2 W. NECK
4163950,FIGUREBRICK 2X2 W. NECK
4163951,FIGUREBRICK 2X2 W. NECK
4550409,FRENZY HEAD NO.1
4620206,"GIRL WIG, LONG CURLY"
4638377,"GIRL WIG, LONG CURLY"
6008344,"GIRL WIG, LONG CURLY"
6021859,"GIRL WIG, LONG CURLY"
6056617,"GIRL WIG, LONG CURLY"
6073889,"GIRL WIG, LONG CURLY"
6120856,"GIRL WIG, LONG CURLY"
6202281,"GIRL WIG, LONG CURLY"
6202287,"GIRL WIG, LONG CURLY"
6240208,"GIRL WIG, LONG CURLY"
6254802,"GIRL WIG, LONG CURLY"
6264038,"GIRL WIG, LONG CURLY"
6435521,"GIRL WIG, LONG CURLY"
6435614,"GIRL WIG, LONG CURLY"
4256805,GRIEVOUS BODY FIGURE SNAP 3.2
4179140,HAGRIDS WIG
4157659,HARRY POTTERS WIG
4507010,HARRY POTTERS WIG
4611917,HARRY POTTERS WIG
4569087,INDIAN WIG
6135557,INDIAN WIG
4649785,JACK SPARROW W. SCARF NO. 1
6019746,"JACK SPARROW WITH HAT ""NO.1"""
4622287,KI ADI MUNDI HEAD NO.1
4506002,LADY WIG
4294537,LEG
4294538,LEG
4294541,LEG
4294542,LEG
4294543,LEG
4294544,LEG
4296943,LEG
4296944,LEG
6159620,LEIA HAIR
4184521,LOWER PART FOR CREATURE
4624849,LUKE SKYWALKER WIG
6125719,LUKE SKYWALKER WIG
6133830,LUKE SKYWALKER WIG
6222455,LUKE SKYWALKER WIG
6350613,LUKE SKYWALKER WIG
6394674,LUKE SKYWALKER WIG
6413913,LUKE SKYWALKER WIG
6160279,MINI WIG NO. 100
6119020,"MINI WIG NO. 100 ""NO. 1"""
6059258,MINI WIG NO. 61
6151872,MINI WIG NO. 61
6262019,MINI WIG NO. 61
6262020,MINI WIG NO. 61
6335167,MINI WIG NO. 61
6420632,MINI WIG NO. 61
6062935,MINI WIG NO. 62 ASS.
6172198,MINI WIG NO. 63
6172201,MINI WIG NO. 63
6184572,MINI WIG NO. 63
6256443,MINI WIG NO. 63
6055589,"MINI WIG NO. 63 ""NO. 1"""
6121894,"MINI WIG NO. 63 ""NO. 1"""
6062658,"MINI WIG NO. 80 ""NO. 1"""
6121802,MINI WIG NO. 98
4625695,MINI BRAIN
6007012,MINI BRAIN
6147248,"MINI DOLL WIG NO. 2 ""NO. 1"""
6134262,"MINI DOLL WIG, BUN, NO. 3"
6150372,"MINI DOLL WIG, BUN, NO. 3"
6293894,"MINI DOLL WIG, BUN, NO. 3"
6330917,"MINI DOLL WIG, BUN, NO. 3"
6335837,"MINI DOLL WIG, BUN, NO. 3"
6350648,"MINI DOLL WIG, BUN, NO. 3"
6151483,"MINI DOLL WIG, HOOD W/EARS ""NO. 1"""
6151511,"MINI DOLL WIG, HOOD W/EARS ""NO. 2"""
6151512,"MINI DOLL WIG, HOOD W/EARS ""NO. 3"""
6351406,"MINI DOLL WIG, LONG W/ BUN"
6400660,"MINI DOLL WIG, LONG W/ BUN"
6400663,"MINI DOLL WIG, LONG W/ BUN"
6151503,"MINI DOLL WIG, LONG W/EARS NO. 5 ""NO. 1"""
6147255,"MINI DOLL WIG, LONG WITH BUN"
6209868,"MINI DOLL WIG, NO. 17"
6426063,"MINI DOLL WIG, NO. 17"
6370536,"MINI DOLL WIG, NO. 52"
6370531,"MINI DOLL WIG, NO. 53"
6386834,"MINI DOLL WIG, NO. 53"
6224120,"MINI DOLL WIG, W/ HELMET, NO. 4"
6224154,"MINI DOLL WIG, W/ HELMET, NO. 4"
6224173,"MINI DOLL WIG, W/ HELMET, NO. 4"
6174497,"MINI DOLL, WIG, CURLY, NO. 3"
6251222,"MINI DOLL, WIG, HELMET NO. 6"
6251244,"MINI DOLL, WIG, HELMET, NO. 7"
6185721,"MINI DOLL, WIG, NO. 10"
6175222,"MINI DOLL, WIG, NO. 12"
6188953,"MINI DOLL, WIG, NO. 13"
6191571,"MINI DOLL, WIG, NO. 14"
6209869,"MINI DOLL, WIG, NO. 20"
6217221,"MINI DOLL, WIG, NO. 23"
6214418,"MINI DOLL, WIG, NO. 27"
6223009,"MINI DOLL, WIG, NO. 28"
6252071,"MINI DOLL, WIG, NO. 31"
6252158,"MINI DOLL, WIG, NO. 32"
6252351,"MINI DOLL, WIG, NO. 33"
6259668,"MINI DOLL, WIG, NO. 34"
6261350,"MINI DOLL, WIG, NO. 37"
6276840,"MINI DOLL, WIG, NO. 38"
6288513,"MINI DOLL, WIG, NO. 40"
6378400,"MINI DOLL, WIG, NO. 43"
6420636,"MINI DOLL, WIG, NO. 43"
6438032,"MINI DOLL, WIG, NO. 43"
6446762,"MINI DOLL, WIG, NO. 43"
6354192,"MINI DOLL, WIG, NO. 46"
6174338,"MINI DOLL, WIG, NO. 9"
6174096,"MINI DOLL, WIG, PIGTAILS, NO. 2"
6171772,"MINI DOLL, WIG, STRAIGHT, NO. 3"
6313382,"MINI DOLL, WIG, STRAIGHT, NO. 3"
6174204,"MINI DOLL, WIG, STRAIGHT, NO. 4"
6173940,"MINI DOLL, WIG, STRAIGHT, W/ EARS, NO. 1"
6380364,"MINI DOLL, WIG, W/ BEARD, NO. 2"
6446117,"MINI DOLL, WIG, W/ BEARD, NO. 3"
6191857,"MINI DOLL, WIG, W/ HAT, NO. 2"
6317222,"MINI DOLL, WIG, W/ HAT, NO. 3"
6445838,"MINI DOLL, WIG, W/ HAT, NO. 3"
6333238,"MINI DOLL, WIG, W/ HAT, NO. 4"
6188269,"MINI DOLL, WIG, W/ HELMET NO. 3"
6188271,"MINI DOLL, WIG, W/ HELMET NO. 3"
6188273,"MINI DOLL, WIG, W/ HELMET NO. 3"
6179174,"MINI DOLL, WIG, W/ HELMET, NO. 2"
6224105,"MINI DOLL, WIG, W/ HELMET, NO. 4"
6224162,"MINI DOLL, WIG, W/ HELMET, NO. 4"
6224170,"MINI DOLL, WIG, W/ HELMET, NO. 4"
6288597,"MINI DOLL, WIG, WAVY, NO. 5"
6398345,"MINI DOLL, WIG, WAVY, NO. 5"
6174515,"MINI DOLL, WIG, WAVY, NO. 6"
6190429,"MINI DOLL, WIG, WAVY, NO. 7"
6079389,"MINI FIGURE HAT, NO. 23 ""NO. 1"""
6078525,"MINI FIGURE HELMET, NO.52""NO1"""
6122095,MINI FIGURE WIG NO. 101
6016947,"MINI FIGURE WIG NO. 29 ""NO. 1"""
6002750,MINI FIGURE WIG NO. 34
6002753,MINI FIGURE WIG NO. 34
6002754,MINI FIGURE WIG NO. 34
6008296,MINI FIGURE WIG NO. 34
6308485,MINI FIGURE WIG NO. 34
6417951,MINI FIGURE WIG NO. 34
6417952,MINI FIGURE WIG NO. 34
6417953,MINI FIGURE WIG NO. 34
6446084,MINI FIGURE WIG NO. 34
6028771,"MINI FIGURE WIG NO. 35 ""NO 2"""
6029346,"MINI FIGURE WIG NO. 35 ""NO 4"""
6016973,"MINI FIGURE WIG NO. 35 ""NO1"""
6028773,"MINI FIGURE WIG NO. 35 ""NO3"""
6016990,"MINI FIGURE WIG NO. 36 ""NO.2"""
6034969,MINI FIGURE WIG NO. 36 NO.1
6061707,MINI FIGURE WIG NO. 36 NO.3
6033028,"MINI FIGURE WIG NO. 50 ""NO.1"""
6038464,MINI FIGURE WIG NO. 51
6252943,MINI FIGURE WIG NO. 51
6376638,MINI FIGURE WIG NO. 51
6032342,MINI FIGURE WIG NO. 55
6087005,"MINI FIGURE WIG NO. 58 ""NO.2"""
6087014,"MINI FIGURE WIG NO. 58 ""NO.3"""
6070306,MINI FIGURE WIG NO. 81
6070313,"MINI FIGURE WIG NO. 82 ""NO.1"""
6078987,MINI FIGURE WIG NO. 85
6104426,MINI FIGURE WIG NO. 85
6155186,MINI FIGURE WIG NO. 88
6175899,MINI FIGURE WIG NO. 88
6103457,"MINI FIGURE WIG NO. 88 ""DECO NO. 1"""
6119136,MINI FIGURE WIG NO. 93
6121735,MINI FIGURE WIG NO. 94
6390015,MINI FIGURE WIG NO. 94
6121737,MINI FIGURE WIG NO. 95
6122725,"MINI FIGURE WIG NO. 96 ""NO.1"""
6079107,"MINI FIGURE WIG, NO. 83"
6142259,"MINI FIGURE WIG, NO. 83"
6223606,"MINI FIGURE WIG, NO. 83"
6359884,"MINI FIGURE WIG, NO. 83"
6359885,"MINI FIGURE WIG, NO. 83"
6359887,"MINI FIGURE WIG, NO. 83"
6079102,"MINI FIGURE WIG, NO. 84"
6392205,"MINI FIGURE WIG, NO. 84"
6446161,"MINI FIGURE WIG, NO. 84"
6079131,"MINI FIGURE WIG, NO. 84 ""NO. 2"""
6292569,"MINI FIGURE WIG, NO. 85"
6115306,"MINI FIGURE WIG, NO. 97"
6135555,"MINI FIGURE WIG, NO. 97"
6179744,"MINI FIGURE WIG, NO. 97"
6121841,"MINI FIGURE, MONSTER WIG ""NO. 4"""
4618134,"MINI FIGURE, WIG NO. 15"
4652469,"MINI FIGURE, WIG NO. 15"
6008139,"MINI FIGURE, WIG NO. 15"
6267065,"MINI FIGURE, WIG NO. 15"
4618249,"MINI FIGURE, WIG NO. 16"
6016211,"MINI FIGURE, WIG NO. 16"
6175985,"MINI FIGURE, WIG NO. 16"
6185115,"MINI FIGURE, WIG NO. 16"
6238054,"MINI FIGURE, WIG NO. 16"
6251379,"MINI FIGURE, WIG NO. 16"
6253910,"MINI FIGURE, WIG NO. 16"
6288194,"MINI FIGURE, WIG NO. 16"
6330276,"MINI FIGURE, WIG NO. 16"
6373902,"MINI FIGURE, WIG NO. 16"
6392218,"MINI FIGURE, WIG NO. 16"
6446295,"MINI FIGURE, WIG NO. 16"
4633068,"MINI FIGURE, WIG NO. 17"
6058068,"MINI FIGURE, WIG NO. 17"
6064125,"MINI FIGURE, WIG NO. 17"
6081972,"MINI FIGURE, WIG NO. 17"
6021611,"MINI FIGURE, WIG NO. 18"
6021612,"MINI FIGURE, WIG NO. 19"
6021613,"MINI FIGURE, WIG NO. 20"
6021615,"MINI FIGURE, WIG NO. 21"
6021616,"MINI FIGURE, WIG NO. 22"
6021617,"MINI FIGURE, WIG NO. 22"
6178446,"MINI FIGURE, WIG, NO. 97"
6223143,"MINI FIGURE, WIG, NO. 97"
6257433,"MINI FIGURE, WIG, NO. 97"
4615244,"MINI FIGURE,MONSTER WIG""NO.1"""
6006193,"MINI FIGURE,MONSTER WIG""NO.2"""
6034922,"MINI FIGURE,MONSTER WIG""NO.3"""
6155187,MINI FIGURER WIG NO. 2
4652386,MINI HAIR W. CROWN
6057741,MINI HAT NO. 13 WITH HAIR
6097766,MINI HAT NO. 13 WITH HAIR 191/312
6057738,MINI HAT NO. 14 WITH HAIR
6173572,MINI HAT NO. 14 WITH HAIR
6182814,MINI HAT NO. 14 WITH HAIR
6403253,MINI HAT NO. 14 WITH HAIR
6403257,MINI HAT NO. 14 WITH HAIR
6306684,"MINI HAT, NO. 132"
6421523,"MINI HAT, NO. 187"
6161037,"MINI HAT, NO. 20"
6160327,"MINI HAT, NO. 22"
6223056,"MINI HAT, NO. 56"
6223059,"MINI HAT, NO. 56"
6264042,"MINI HAT, NO. 56"
6293319,"MINI HAT, NO. 56"
6371981,"MINI HAT, NO. 56"
6381556,"MINI HAT, NO. 56"
6391870,"MINI HAT, NO. 56"
6395786,"MINI HAT, NO. 56"
6400761,"MINI HAT, NO. 56"
6251798,"MINI HAT, NO. 86"
6256888,"MINI HAT, NO. 91"
6174258,"MINI HEAD, NO. 2107"
6186633,"MINI HEAD, NO. 2239"
4650678,"MINI HEADGEAR SCOUT 2 ""NO. 1"""
6018878,"MINI HEADGEAR SCOUT 2 ""NO. 2"""
6138149,"MINI HEADGEAR SCOUT 2 ""NO. 3"""
6335715,"MINI HEADGEAR, SCOUT 2"
6392994,"MINI HELMET, NO. 376"
6000297,MINI ROCK WIG
6086672,MINI ROCK WIG
6254435,MINI ROCK WIG
6408108,MINI ROCK WIG
390125,MINI WIG MAN
390126,MINI WIG MAN
4124069,MINI WIG MAN
4162404,MINI WIG MAN
4163862,MINI WIG MAN
4192401,MINI WIG MAN
4211158,MINI WIG MAN
4211740,MINI WIG MAN
4263728,MINI WIG MAN
4557944,MINI WIG MAN
6131630,MINI WIG MAN
6227618,MINI WIG MAN
4169614,MINI WIG MAN NO. 1
4297380,MINI WIG MAN NO. 1
4590833,MINI WIG NO. 10
4652807,MINI WIG NO. 10
6107631,MINI WIG NO. 10
6152300,MINI WIG NO. 10
6201362,MINI WIG NO. 10
6338866,MINI WIG NO. 10
6407188,MINI WIG NO. 10
6407194,MINI WIG NO. 10
6444779,MINI WIG NO. 10
6146110,"MINI WIG NO. 100, NO. 2"
6123037,MINI WIG NO. 102
6123038,MINI WIG NO. 102
6152549,MINI WIG NO. 102
6128875,MINI WIG NO. 103
6194535,MINI WIG NO. 103
6234738,MINI WIG NO. 103
6239883,MINI WIG NO. 103
6322268,MINI WIG NO. 103
6334236,MINI WIG NO. 103
6348023,MINI WIG NO. 103
6349977,MINI WIG NO. 103
6390111,MINI WIG NO. 103
6122096,MINI WIG NO. 104
6134617,MINI WIG NO. 105
6145528,MINI WIG NO. 105
6151873,MINI WIG NO. 105
6151876,MINI WIG NO. 105
6152229,MINI WIG NO. 105
6153285,MINI WIG NO. 105
6134783,MINI WIG NO. 106
6175094,MINI WIG NO. 106
6138399,MINI WIG NO. 107
4594432,MINI WIG NO. 11
4595943,MINI WIG NO. 11
4654944,MINI WIG NO. 11
6005435,MINI WIG NO. 11
6037640,MINI WIG NO. 11
6078366,MINI WIG NO. 11
6114885,MINI WIG NO. 11
6121013,MINI WIG NO. 11
6174125,MINI WIG NO. 11
6177085,MINI WIG NO. 11
6258678,MINI WIG NO. 11
6397185,MINI WIG NO. 11
6146062,"MINI WIG NO. 114 ""NR. 1"""
6159543,MINI WIG NO. 118
6160217,MINI WIG NO. 119
6179788,MINI WIG NO. 119
4594433,MINI WIG NO. 12
6034001,MINI WIG NO. 12
6218268,MINI WIG NO. 12
6413079,MINI WIG NO. 12
6153616,MINI WIG NO. 120
4609588,MINI WIG NO. 13
6064026,MINI WIG NO. 13
6064702,MINI WIG NO. 13
6099429,MINI WIG NO. 13
6135472,MINI WIG NO. 13
6353775,MINI WIG NO. 13
6408138,MINI WIG NO. 13
6417267,MINI WIG NO. 13
4619407,"MINI WIG NO. 13, ""NO. 1"""
6171887,MINI WIG NO. 136
6120877,"MINI WIG NO. 14 ""NO. 3"""
6185282,MINI WIG NO. 152
4652797,MINI WIG NO. 18
6000299,MINI WIG NO. 18
6018643,MINI WIG NO. 18
6039803,MINI WIG NO. 18
6079896,MINI WIG NO. 18
6112609,MINI WIG NO. 18
6142823,MINI WIG NO. 18
6151870,MINI WIG NO. 18
6153281,MINI WIG NO. 18
6163633,MINI WIG NO. 18
6211374,MINI WIG NO. 18
6350330,MINI WIG NO. 18
6353774,MINI WIG NO. 18
6366710,MINI WIG NO. 18
6375674,MINI WIG NO. 18
6396921,MINI WIG NO. 18
6397832,MINI WIG NO. 18
6428177,MINI WIG NO. 18
6429818,MINI WIG NO. 18
4657381,MINI WIG NO. 19
6146924,MINI WIG NO. 19
4657388,MINI WIG NO. 24
6016812,MINI WIG NO. 24
6444065,MINI WIG NO. 24
6086978,"MINI WIG NO. 24 ""NO. 1"""
6269082,MINI WIG NO. 272
4547859,MINI WIG NO. 3
4589270,MINI WIG NO. 3
4632767,MINI WIG NO. 3
4647892,MINI WIG NO. 3
4647893,MINI WIG NO. 3
4647894,MINI WIG NO. 3
6015217,MINI WIG NO. 3
6134394,MINI WIG NO. 3
6138526,MINI WIG NO. 3
6240205,MINI WIG NO. 3
6277467,MINI WIG NO. 3
6006770,"MINI WIG NO. 32 ""NO. 1"""
6081636,"MINI WIG NO. 32 ""NO. 3"""
6006775,"MINI WIG NO. 33 ""NO. 1"""
6015699,"MINI WIG NO. 37 ""NO. 1"""
6100225,"MINI WIG NO. 37 ""NO. 2"""
6020314,MINI WIG NO. 38
6020290,MINI WIG NO. 39
6040503,MINI WIG NO. 39
6102273,MINI WIG NO. 39
6194410,MINI WIG NO. 39
6194412,MINI WIG NO. 39
6194413,MINI WIG NO. 39
6194414,MINI WIG NO. 39
6220411,MINI WIG NO. 39
6234373,MINI WIG NO. 39
6310386,MINI WIG NO. 39
6310669,MINI WIG NO. 39
6411643,MINI WIG NO. 39
6437188,MINI WIG NO. 39
4549990,MINI WIG NO. 4
4550736,MINI WIG NO. 4
4610232,MINI WIG NO. 4
6004435,MINI WIG NO. 4
6064178,MINI WIG NO. 4
6078438,MINI WIG NO. 4
6229072,MINI WIG NO. 4
6254473,MINI WIG NO. 4
6295342,MINI WIG NO. 4
6343441,MINI WIG NO. 4
6356348,MINI WIG NO. 4
6366742,MINI WIG NO. 4
4640476,"MINI WIG NO. 4 ""DEC."""
4614169,"MINI WIG NO. 4 ""NO. 1"""
4661509,"MINI WIG NO. 4 ""NO. 2"""
6056969,"MINI WIG NO. 4 ""NO. 3"""
6083540,"MINI WIG NO. 4 ""NO.4"""
6020267,MINI WIG NO. 40
6037428,MINI WIG NO. 40
6018720,"MINI WIG NO. 41 ""NO. 1"""
6029301,"MINI WIG NO. 42 ""NO. 1"""
6034006,MINI WIG NO. 44
4610054,MINI WIG NO. 5
4618522,MINI WIG NO. 5
4636983,MINI WIG NO. 5
4652069,MINI WIG NO. 5
4659399,MINI WIG NO. 5
6008262,MINI WIG NO. 5
6018627,MINI WIG NO. 5
6092833,MINI WIG NO. 5
6093260,MINI WIG NO. 5
6093515,MINI WIG NO. 5
6093516,MINI WIG NO. 5
6093517,MINI WIG NO. 5
6108536,MINI WIG NO. 5
6223823,MINI WIG NO. 5
6232989,MINI WIG NO. 5
6365482,MINI WIG NO. 5
6385577,MINI WIG NO. 5
6417273,MINI WIG NO. 5
6431999,MINI WIG NO. 5
6030792,"MINI WIG NO. 5 ""2"""
4652287,"MINI WIG NO. 5 ""NO. 1"""
6038155,MINI WIG NO. 53
6038156,MINI WIG NO. 54
6173952,MINI WIG NO. 54
6265709,MINI WIG NO. 54
6353003,MINI WIG NO. 54
6366711,MINI WIG NO. 54
6406119,MINI WIG NO. 54
6406452,MINI WIG NO. 54
6406453,MINI WIG NO. 54
6446313,MINI WIG NO. 54
6088065,MINI WIG NO. 57
6362475,MINI WIG NO. 57
4569106,MINI WIG NO. 6
4585862,MINI WIG NO. 6
4596523,MINI WIG NO. 6
4618258,MINI WIG NO. 6
4659545,MINI WIG NO. 6
6079894,MINI WIG NO. 6
6080719,MINI WIG NO. 6
6093518,MINI WIG NO. 6
6093519,MINI WIG NO. 6
6093523,MINI WIG NO. 6
6109105,MINI WIG NO. 6
6262135,MINI WIG NO. 6
6368303,MINI WIG NO. 6
6227621,MINI WIG NO. 63
6183750,"MINI WIG NO. 63, NO. 1"
6183754,"MINI WIG NO. 63, NO. 2"
6150543,MINI WIG NO. 64
6052305,"MINI WIG NO. 64 ""NO. 1"""
6056757,MINI WIG NO. 65
6056834,MINI WIG NO. 66
6135160,MINI WIG NO. 66
6259160,MINI WIG NO. 66
6138703,MINI WIG NO. 67
6151676,MINI WIG NO. 67
6195040,MINI WIG NO. 67
6306667,MINI WIG NO. 67
6400296,MINI WIG NO. 67
6420633,MINI WIG NO. 67
6056794,MINI WIG NO. 68
6275700,MINI WIG NO. 68
6293847,MINI WIG NO. 68
6368301,MINI WIG NO. 68
6400427,MINI WIG NO. 68
6407053,MINI WIG NO. 68
6121886,"MINI WIG NO. 68 ""NO. 1"""
4566278,MINI WIG NO. 7
6101093,MINI WIG NO. 7
6326248,MINI WIG NO. 7
6407074,MINI WIG NO. 7
6407075,MINI WIG NO. 7
6055365,MINI WIG NO. 73
4568933,MINI WIG NO. 8
4568934,MINI WIG NO. 8
4624362,MINI WIG NO. 8
4633114,MINI WIG NO. 8
6004439,MINI WIG NO. 8
6006514,MINI WIG NO. 8
6209920,MINI WIG NO. 8
6214209,MINI WIG NO. 8
6294704,MINI WIG NO. 8
6350237,MINI WIG NO. 8
6354071,MINI WIG NO. 8
6392124,MINI WIG NO. 8
6400377,MINI WIG NO. 8
6089077,"MINI WIG NO. 86 ""NO. 1"""
6094005,"MINI WIG NO. 89 ""NO. 1"""
4581313,MINI WIG NO. 9
6129149,MINI WIG NO. 9
6173639,MINI WIG NO. 9
6197296,MINI WIG NO. 9
6226923,MINI WIG NO. 9
6336269,MINI WIG NO. 9
6395408,MINI WIG NO. 9
6430170,MINI WIG NO. 9
6443885,MINI WIG NO. 9
6094029,"MINI WIG NO. 90 ""NO. 1"""
6183763,"MINI WIG NO. 90, NO. 2"
6157793,MINI WIG NO.1
6144372,"MINI WIG NO.109 ""NO. 1"""
6145115,MINI WIG NO.110
6145557,MINI WIG NO.111
6145461,MINI WIG NO.112
6150529,MINI WIG NO.113
6159776,MINI WIG NO.117
6149629,"MINI WIG W. EARS NO. 1 ""NO. 2"""
6117802,"MINI WIG W. EARS NO. 1 ""NO.1"""
6181881,"MINI WIG W/ 3.2 SHAFT, NO. 1"
6390916,"MINI WIG W/ ACCESSORIES, NO. 1"
6275097,"MINI WIG W/ EARS, NO. 6"
6341614,"MINI WIG W/ EARS, NO. 6"
6342500,"MINI WIG W/ EARS, NO. 6"
6375748,"MINI WIG W/ EARS, NO. 6"
6415691,"MINI WIG W/ EARS, NO. 6"
6407462,MINI WIG W/ HAT NO. 1
6185368,"MINI WIG W/ HAT, NO. 1"
6242834,"MINI WIG W/ HAT, NO. 1"
6322487,"MINI WIG W/ HAT, NO. 1"
6326954,"MINI WIG W/ HAT, NO. 4"
6353183,"MINI WIG W/ HAT, NO. 4"
6354158,"MINI WIG W/ HAT, NO. 4"
6275734,"MINI WIG W/ HELMET, NO. 3"
6359849,"MINI WIG W/ HELMET, NO. 3"
6152468,MINI WIG W/HAT NO. 1
6116590,"MINI WIG W/HAT NO. 1 ""NO. 1"""
4144400,"MINI WIG, CREWCUT"
4167771,"MINI WIG, CREWCUT"
4167772,"MINI WIG, CREWCUT"
4167774,"MINI WIG, CREWCUT"
4204924,"MINI WIG, CREWCUT"
4211232,"MINI WIG, CREWCUT"
6147213,"MINI WIG, CREWCUT"
6147215,"MINI WIG, CREWCUT"
453025,"MINI WIG, GIRL"
453026,"MINI WIG, GIRL"
4156394,"MINI WIG, GIRL"
4162501,"MINI WIG, GIRL"
4164111,"MINI WIG, GIRL"
4175309,"MINI WIG, GIRL"
4261146,"MINI WIG, GIRL"
4274410,"MINI WIG, GIRL"
4655371,"MINI WIG, GIRL"
4659663,"MINI WIG, GIRL"
6008038,"MINI WIG, GIRL"
6176405,"MINI WIG, LONG CURLY, NO. 2"
6160140,"MINI WIG, NO 128"
6351467,"MINI WIG, NO. 100"
6416016,"MINI WIG, NO. 100"
6454327,"MINI WIG, NO. 100"
6188305,"MINI WIG, NO. 102"
6262496,"MINI WIG, NO. 102"
6277468,"MINI WIG, NO. 102"
6286461,"MINI WIG, NO. 102"
6454218,"MINI WIG, NO. 102"
6151877,"MINI WIG, NO. 104"
6185502,"MINI WIG, NO. 104"
6301980,"MINI WIG, NO. 104"
6373083,"MINI WIG, NO. 104"
6430540,"MINI WIG, NO. 104"
6450905,"MINI WIG, NO. 104"
6450907,"MINI WIG, NO. 104"
6151874,"MINI WIG, NO. 105"
6186033,"MINI WIG, NO. 105"
6267760,"MINI WIG, NO. 105"
6278397,"MINI WIG, NO. 105"
6436401,"MINI WIG, NO. 105"
6440004,"MINI WIG, NO. 105"
6167574,"MINI WIG, NO. 106"
6266075,"MINI WIG, NO. 106"
6324352,"MINI WIG, NO. 106"
6343473,"MINI WIG, NO. 106"
6368304,"MINI WIG, NO. 106"
6370398,"MINI WIG, NO. 106"
6433521,"MINI WIG, NO. 106"
6271053,"MINI WIG, NO. 107"
6402740,"MINI WIG, NO. 107"
6414911,"MINI WIG, NO. 107"
6217703,"MINI WIG, NO. 111"
6358204,"MINI WIG, NO. 111"
6421686,"MINI WIG, NO. 111"
6145464,"MINI WIG, NO. 112 ""NO.1"""
6176316,"MINI WIG, NO. 114"
6233126,"MINI WIG, NO. 117"
6236068,"MINI WIG, NO. 117"
6331108,"MINI WIG, NO. 117"
6353962,"MINI WIG, NO. 117"
6357791,"MINI WIG, NO. 117"
6223146,"MINI WIG, NO. 119"
6231623,"MINI WIG, NO. 119"
6233224,"MINI WIG, NO. 119"
6366158,"MINI WIG, NO. 119"
6460706,"MINI WIG, NO. 119"
6460707,"MINI WIG, NO. 119"
6158322,"MINI WIG, NO. 122"
6182408,"MINI WIG, NO. 122"
6357937,"MINI WIG, NO. 122"
6365025,"MINI WIG, NO. 122"
6420631,"MINI WIG, NO. 122"
6158321,"MINI WIG, NO. 123"
6223885,"MINI WIG, NO. 123"
6194993,"MINI WIG, NO. 124, NO. 1"
6159506,"MINI WIG, NO. 125"
6171818,"MINI WIG, NO. 130"
6173587,"MINI WIG, NO. 130"
6208795,"MINI WIG, NO. 130"
6344417,"MINI WIG, NO. 130"
6442684,"MINI WIG, NO. 130"
6182343,"MINI WIG, NO. 132"
6176424,"MINI WIG, NO. 134"
6224218,"MINI WIG, NO. 134"
6305824,"MINI WIG, NO. 134"
6403241,"MINI WIG, NO. 134"
6200953,"MINI WIG, NO. 141"
6175096,"MINI WIG, NO. 143"
6390255,"MINI WIG, NO. 143"
6197590,"MINI WIG, NO. 144"
6411300,"MINI WIG, NO. 144"
6413618,"MINI WIG, NO. 145"
6194388,"MINI WIG, NO. 146"
6279229,"MINI WIG, NO. 146"
6287875,"MINI WIG, NO. 146"
6287938,"MINI WIG, NO. 147"
6444464,"MINI WIG, NO. 147"
6266341,"MINI WIG, NO. 149"
6303723,"MINI WIG, NO. 149"
6402958,"MINI WIG, NO. 149"
6402959,"MINI WIG, NO. 149"
6424563,"MINI WIG, NO. 149"
6174012,"MINI WIG, NO. 151"
6287762,"MINI WIG, NO. 153"
6414954,"MINI WIG, NO. 153"
6188698,"MINI WIG, NO. 154"
6288259,"MINI WIG, NO. 154"
6400658,"MINI WIG, NO. 154"
6175136,"MINI WIG, NO. 155"
6175460,"MINI WIG, NO. 156"
6176495,"MINI WIG, NO. 158"
6177229,"MINI WIG, NO. 160"
6177293,"MINI WIG, NO. 161"
6177294,"MINI WIG, NO. 162"
6192197,"MINI WIG, NO. 163"
6234261,"MINI WIG, NO. 163"
6178777,"MINI WIG, NO. 165"
6181629,"MINI WIG, NO. 166"
6181749,"MINI WIG, NO. 167"
6182213,"MINI WIG, NO. 168"
6199458,"MINI WIG, NO. 170"
6199467,"MINI WIG, NO. 171"
6186684,"MINI WIG, NO. 172"
6192587,"MINI WIG, NO. 174"
6194002,"MINI WIG, NO. 176"
6198121,"MINI WIG, NO. 177"
6211522,"MINI WIG, NO. 179"
6254676,"MINI WIG, NO. 179"
6196345,"MINI WIG, NO. 180"
6197165,"MINI WIG, NO. 183"
6199173,"MINI WIG, NO. 187"
6290530,"MINI WIG, NO. 19"
6403064,"MINI WIG, NO. 19"
6403070,"MINI WIG, NO. 19"
6447561,"MINI WIG, NO. 19"
6209690,"MINI WIG, NO. 191"
6267599,"MINI WIG, NO. 191"
6339110,"MINI WIG, NO. 191"
6215010,"MINI WIG, NO. 192"
6275060,"MINI WIG, NO. 192"
6224214,"MINI WIG, NO. 196"
6223917,"MINI WIG, NO. 197"
6259045,"MINI WIG, NO. 197"
6305431,"MINI WIG, NO. 197"
6312730,"MINI WIG, NO. 197"
6355695,"MINI WIG, NO. 197"
6426239,"MINI WIG, NO. 197"
6223875,"MINI WIG, NO. 199"
6310817,"MINI WIG, NO. 199"
6420630,"MINI WIG, NO. 199"
6448730,"MINI WIG, NO. 199"
4549391,"MINI WIG, NO. 2"
4551249,"MINI WIG, NO. 2"
4587318,"MINI WIG, NO. 2"
4654943,"MINI WIG, NO. 2"
4655389,"MINI WIG, NO. 2"
6022683,"MINI WIG, NO. 2"
6047103,"MINI WIG, NO. 2"
6092610,"MINI WIG, NO. 2"
6106496,"MINI WIG, NO. 2"
6148170,"MINI WIG, NO. 2"
6345687,"MINI WIG, NO. 2"
6346322,"MINI WIG, NO. 2"
6213798,"MINI WIG, NO. 200"
6350643,"MINI WIG, NO. 200"
6391872,"MINI WIG, NO. 200"
6438933,"MINI WIG, NO. 200"
6438934,"MINI WIG, NO. 200"
6210762,"MINI WIG, NO. 201"
6211567,"MINI WIG, NO. 203"
6233922,"MINI WIG, NO. 204"
6350053,"MINI WIG, NO. 204"
6408207,"MINI WIG, NO. 204"
6424855,"MINI WIG, NO. 204"
6236162,"MINI WIG, NO. 206"
6310419,"MINI WIG, NO. 206"
6323492,"MINI WIG, NO. 206"
6353972,"MINI WIG, NO. 206"
6435918,"MINI WIG, NO. 206"
6214155,"MINI WIG, NO. 208"
6215671,"MINI WIG, NO. 211"
6221306,"MINI WIG, NO. 212"
6370527,"MINI WIG, NO. 212"
6219361,"MINI WIG, NO. 213"
6234159,"MINI WIG, NO. 214"
6300139,"MINI WIG, NO. 214"
6350329,"MINI WIG, NO. 214"
6403106,"MINI WIG, NO. 214"
6305887,"MINI WIG, NO. 215"
6403825,"MINI WIG, NO. 215"
6433987,"MINI WIG, NO. 215"
6221708,"MINI WIG, NO. 216"
6221728,"MINI WIG, NO. 218"
4653226,"MINI WIG, NO. 22"
4657908,"MINI WIG, NO. 22"
6030917,"MINI WIG, NO. 22"
6064028,"MINI WIG, NO. 22"
6065515,"MINI WIG, NO. 22"
6151871,"MINI WIG, NO. 22"
6153283,"MINI WIG, NO. 22"
6162275,"MINI WIG, NO. 22"
6309172,"MINI WIG, NO. 22"
6310479,"MINI WIG, NO. 22"
6368302,"MINI WIG, NO. 22"
6430374,"MINI WIG, NO. 22"
6227248,"MINI WIG, NO. 220"
6234563,"MINI WIG, NO. 220"
6293386,"MINI WIG, NO. 220"
6299750,"MINI WIG, NO. 220"
6369792,"MINI WIG, NO. 220"
6379470,"MINI WIG, NO. 220"
6417264,"MINI WIG, NO. 220"
6233584,"MINI WIG, NO. 223"
6383311,"MINI WIG, NO. 223"
6233591,"MINI WIG, NO. 224"
6294194,"MINI WIG, NO. 224"
6301993,"MINI WIG, NO. 224"
6408120,"MINI WIG, NO. 224"
6411466,"MINI WIG, NO. 224"
6414340,"MINI WIG, NO. 224"
6233292,"MINI WIG, NO. 225"
6236472,"MINI WIG, NO. 227"
6257562,"MINI WIG, NO. 228"
6236686,"MINI WIG, NO. 229"
6258499,"MINI WIG, NO. 231"
6434658,"MINI WIG, NO. 231"
6259186,"MINI WIG, NO. 232"
6258502,"MINI WIG, NO. 234"
6337121,"MINI WIG, NO. 234"
6346546,"MINI WIG, NO. 234"
6248802,"MINI WIG, NO. 235"
6284153,"MINI WIG, NO. 235"
6424457,"MINI WIG, NO. 235"
6251172,"MINI WIG, NO. 236"
6252232,"MINI WIG, NO. 237"
6253393,"MINI WIG, NO. 238"
6306254,"MINI WIG, NO. 238"
6358191,"MINI WIG, NO. 238"
6430396,"MINI WIG, NO. 238"
6443720,"MINI WIG, NO. 238"
6254486,"MINI WIG, NO. 240"
6253686,"MINI WIG, NO. 241"
6256086,"MINI WIG, NO. 243"
6254023,"MINI WIG, NO. 244"
6253807,"MINI WIG, NO. 245"
6256253,"MINI WIG, NO. 247"
6256197,"MINI WIG, NO. 248"
6256447,"MINI WIG, NO. 249"
6256598,"MINI WIG, NO. 250"
6269134,"MINI WIG, NO. 251"
6261302,"MINI WIG, NO. 252"
6259075,"MINI WIG, NO. 254"
6351748,"MINI WIG, NO. 254"
6456550,"MINI WIG, NO. 254"
6257471,"MINI WIG, NO. 255"
6257785,"MINI WIG, NO. 256"
6258462,"MINI WIG, NO. 258"
6258505,"MINI WIG, NO. 259"
6100090,"MINI WIG, NO. 26 ""NO. 2"""
6017091,"MINI WIG, NO. 26 ""NO.1"""
6259216,"MINI WIG, NO. 261"
6259807,"MINI WIG, NO. 262"
6263572,"MINI WIG, NO. 263"
6269081,"MINI WIG, NO. 267"
6372359,"MINI WIG, NO. 267"
6447884,"MINI WIG, NO. 267"
6270458,"MINI WIG, NO. 268"
6270953,"MINI WIG, NO. 269"
6366712,"MINI WIG, NO. 269"
6435600,"MINI WIG, NO. 269"
4651571,"MINI WIG, NO. 27"
6018637,"MINI WIG, NO. 27"
6213604,"MINI WIG, NO. 27"
6288489,"MINI WIG, NO. 27"
6358226,"MINI WIG, NO. 27"
6358228,"MINI WIG, NO. 27"
6373062,"MINI WIG, NO. 27"
6430685,"MINI WIG, NO. 27"
6275120,"MINI WIG, NO. 270"
6273233,"MINI WIG, NO. 271"
6271214,"MINI WIG, NO. 273"
6282445,"MINI WIG, NO. 274"
6358187,"MINI WIG, NO. 275"
6286160,"MINI WIG, NO. 279"
6333518,"MINI WIG, NO. 279"
6397187,"MINI WIG, NO. 279"
6398435,"MINI WIG, NO. 279"
4652857,"MINI WIG, NO. 28 "" NO. 1"""
6289410,"MINI WIG, NO. 281"
6286466,"MINI WIG, NO. 282"
6290418,"MINI WIG, NO. 282"
6301331,"MINI WIG, NO. 283"
6288031,"MINI WIG, NO. 284"
6293268,"MINI WIG, NO. 285"
6287395,"MINI WIG, NO. 286"
6287525,"MINI WIG, NO. 287"
6295397,"MINI WIG, NO. 288"
6316921,"MINI WIG, NO. 288"
6441034,"MINI WIG, NO. 288"
6444494,"MINI WIG, NO. 288"
6299658,"MINI WIG, NO. 290"
6438502,"MINI WIG, NO. 290"
6296345,"MINI WIG, NO. 291"
6304877,"MINI WIG, NO. 293"
6296344,"MINI WIG, NO. 294"
6303733,"MINI WIG, NO. 295"
6298842,"MINI WIG, NO. 300"
6308439,"MINI WIG, NO. 301"
6302545,"MINI WIG, NO. 303"
6310884,"MINI WIG, NO. 304"
6308159,"MINI WIG, NO. 309"
6309177,"MINI WIG, NO. 310"
6309178,"MINI WIG, NO. 311"
6306756,"MINI WIG, NO. 313"
6390112,"MINI WIG, NO. 313"
6435525,"MINI WIG, NO. 313"
6310844,"MINI WIG, NO. 314"
6317413,"MINI WIG, NO. 315"
6316560,"MINI WIG, NO. 317"
6318218,"MINI WIG, NO. 318"
6353138,"MINI WIG, NO. 318"
6322890,"MINI WIG, NO. 319"
6338388,"MINI WIG, NO. 320"
6422914,"MINI WIG, NO. 320"
6347539,"MINI WIG, NO. 321"
6437301,"MINI WIG, NO. 321"
6336757,"MINI WIG, NO. 325"
6347610,"MINI WIG, NO. 325"
6351757,"MINI WIG, NO. 328"
6343688,"MINI WIG, NO. 331"
6385058,"MINI WIG, NO. 331"
6353442,"MINI WIG, NO. 332"
6356926,"MINI WIG, NO. 332"
6454086,"MINI WIG, NO. 332"
6356860,"MINI WIG, NO. 334"
6362773,"MINI WIG, NO. 334"
6417266,"MINI WIG, NO. 334"
6356861,"MINI WIG, NO. 335"
6363252,"MINI WIG, NO. 336"
6382532,"MINI WIG, NO. 337"
6385999,"MINI WIG, NO. 337"
6417271,"MINI WIG, NO. 337"
6370564,"MINI WIG, NO. 338"
6365951,"MINI WIG, NO. 342"
6399051,"MINI WIG, NO. 342"
6374326,"MINI WIG, NO. 344"
6366665,"MINI WIG, NO. 348"
6382549,"MINI WIG, NO. 349"
6382846,"MINI WIG, NO. 350"
6371960,"MINI WIG, NO. 353"
6398501,"MINI WIG, NO. 354"
6396625,"MINI WIG, NO. 357"
6396696,"MINI WIG, NO. 358"
6396724,"MINI WIG, NO. 359"
6390775,"MINI WIG, NO. 360"
6391202,"MINI WIG, NO. 362"
6417270,"MINI WIG, NO. 362"
6431025,"MINI WIG, NO. 362"
6405548,"MINI WIG, NO. 363"
6296708,"MINI WIG, NO. 364"
6409770,"MINI WIG, NO. 365"
6409769,"MINI WIG, NO. 366"
6430962,"MINI WIG, NO. 366"
6409768,"MINI WIG, NO. 367"
6409765,"MINI WIG, NO. 368"
6409763,"MINI WIG, NO. 369"
6442996,"MINI WIG, NO. 369"
6409761,"MINI WIG, NO. 370"
6429817,"MINI WIG, NO. 370"
6409759,"MINI WIG, NO. 371"
6405523,"MINI WIG, NO. 372"
6414818,"MINI WIG, NO. 375"
6421735,"MINI WIG, NO. 376"
6416787,"MINI WIG, NO. 381"
6440613,"MINI WIG, NO. 386"
6238774,"MINI WIG, NO. 98"
6238775,"MINI WIG, NO. 98"
6279214,"MINI WIG, NO. 98"
6353754,"MINI WIG, NO. 98"
6404471,"MINI WIG, NO. 98"
6408137,"MINI WIG, NO. 98"
6197166,"MINI WIG, NO. 99"
6220908,"MINI WIG, NO. 99"
6277470,"MINI WIG, NO. 99"
6357801,"MINI WIG, NO. 99"
6414539,"MINI WIG, NO. 99"
6175190,"MINI WIG, NO.115"
6175192,"MINI WIG, NO.116"
6399881,"MINI WIG, NO.116"
6411598,"MINI WIG, NO.116"
6421684,"MINI WIG, NO.116"
6158192,"MINI WIG, NO.126"
6215544,"MINI WIG, NO.126"
6214981,"MINI WIG, NO.193"