35106,Light Bluish Gray ,€0.2475,"https://store.bricklink.com/generationbrick?p=generationbrick#/shop?o={%22itemType%22:%22P%22,%22catID%22:%2293%22,%22showHomeItems%22:0}",abc
87616,Dark Bluish Gray ,€0.375,"https://store.bricklink.com/generationbrick?p=generationbrick#/shop?o={%22itemType%22:%22P%22,%22catID%22:%2293%22,%22showHomeItems%22:0}",abc
87616,Dark Green ,€0.5325,"https://store.bricklink.com/generationbrick?p=generationbrick#/shop?o={%22itemType%22:%22P%22,%22catID%22:%2293%22,%22showHomeItems%22:0}",abc
87616,White ,€0.4875,"https://store.bricklink.com/generationbrick?p=generationbrick#/shop?o={%22itemType%22:%22P%22,%22catID%22:%2293%22,%22showHomeItems%22:0}",abc
87615,Blue ,€0.3278,"https://store.bricklink.com/generationbrick?p=generationbrick#/shop?o={%22itemType%22:%22P%22,%22catID%22:%2293%22,%22showHomeItems%22:0}",abc
87615,White ,€0.2175,"https://store.bricklink.com/generationbrick?p=generationbrick#/shop?o={%22itemType%22:%22P%22,%22catID%22:%2293%22,%22showHomeItems%22:0}",abc
11295,Dark Bluish Gray ,€0.1875,"https://store.bricklink.com/generationbrick?p=generationbrick#/shop?o={%22itemType%22:%22P%22,%22catID%22:%2293%22,%22showHomeItems%22:0}",abc
11295,Yellow ,€0.117,"https://store.bricklink.com/generationbrick?p=generationbrick#/shop?o={%22itemType%22:%22P%22,%22catID%22:%2293%22,%22showHomeItems%22:0}",abc
87611,Dark Bluish Gray ,€0.165,"https://store.bricklink.com/generationbrick?p=generationbrick#/shop?o={%22itemType%22:%22P%22,%22catID%22:%2293%22,%22showHomeItems%22:0}",abc
87611,Reddish Brown ,€0.2925,"https://store.bricklink.com/generationbrick?p=generationbrick#/shop?o={%22itemType%22:%22P%22,%22catID%22:%2293%22,%22showHomeItems%22:0}",abc
87611,White ,€0.21,"https://store.bricklink.com/generationbrick?p=generationbrick#/shop?o={%22itemType%22:%22P%22,%22catID%22:%2293%22,%22showHomeItems%22:0}",abc
29114,White ,€0.762,"https://store.bricklink.com/generationbrick?p=generationbrick#/shop?o={%22itemType%22:%22P%22,%22catID%22:%2293%22,%22showHomeItems%22:0}",abc
11293,Black ,€0.5925,"https://store.bricklink.com/generationbrick?p=generationbrick#/shop?o={%22itemType%22:%22P%22,%22catID%22:%2293%22,%22showHomeItems%22:0}",abc
11293,Blue ,€0.717,"https://store.bricklink.com/generationbrick?p=generationbrick#/shop?o={%22itemType%22:%22P%22,%22catID%22:%2293%22,%22showHomeItems%22:0}",abc
87613,White ,€0.5925,"https://store.bricklink.com/generationbrick?p=generationbrick#/shop?o={%22itemType%22:%22P%22,%22catID%22:%2293%22,%22showHomeItems%22:0}",abc
4868b,Light Bluish Gray ,€0.165,"https://store.bricklink.com/generationbrick?p=generationbrick#/shop?o={%22itemType%22:%22P%22,%22catID%22:%2293%22,%22showHomeItems%22:0}",abc
98302,Black ,€0.0975,"https://store.bricklink.com/generationbrick?p=generationbrick#/shop?o={%22itemType%22:%22P%22,%22catID%22:%2293%22,%22showHomeItems%22:0}",abc
98302,Dark Bluish Gray ,€0.0675,"https://store.bricklink.com/generationbrick?p=generationbrick#/shop?o={%22itemType%22:%22P%22,%22catID%22:%2293%22,%22showHomeItems%22:0}",abc
18929c01,Black ,€0.615,"https://store.bricklink.com/generationbrick?p=generationbrick#/shop?o={%22itemType%22:%22P%22,%22catID%22:%2293%22,%22showHomeItems%22:0}",abc
15540,Dark Bluish Gray ,€0.075,"https://store.bricklink.com/generationbrick?p=generationbrick#/shop?o={%22itemType%22:%22P%22,%22catID%22:%2293%22,%22showHomeItems%22:0}",abc
30248,Dark Blue ,€0.1575,"https://store.bricklink.com/generationbrick?p=generationbrick#/shop?o={%22itemType%22:%22P%22,%22catID%22:%2293%22,%22showHomeItems%22:0}",abc
30248,Dark Bluish Gray ,€0.075,"https://store.bricklink.com/generationbrick?p=generationbrick#/shop?o={%22itemType%22:%22P%22,%22catID%22:%2293%22,%22showHomeItems%22:0}",abc
4870,Light Bluish Gray ,€0.105,"https://store.bricklink.com/generationbrick?p=generationbrick#/shop?o={%22itemType%22:%22P%22,%22catID%22:%2293%22,%22showHomeItems%22:0}",abc
2415,Light Bluish Gray ,€0.045,"https://store.bricklink.com/generationbrick?p=generationbrick#/shop?o={%22itemType%22:%22P%22,%22catID%22:%2293%22,%22showHomeItems%22:0}",abc
92691,White ,€0.105,"https://store.bricklink.com/generationbrick?p=generationbrick#/shop?o={%22itemType%22:%22P%22,%22catID%22:%2286%22,%22showHomeItems%22:0}",abc
93160,Black ,€0.1725,"https://store.bricklink.com/generationbrick?p=generationbrick#/shop?o={%22itemType%22:%22P%22,%22catID%22:%2286%22,%22showHomeItems%22:0}",abc
93160,White ,€0.0375,"https://store.bricklink.com/generationbrick?p=generationbrick#/shop?o={%22itemType%22:%22P%22,%22catID%22:%2286%22,%22showHomeItems%22:0}",abc
93086,Medium Blue ,€0.7425,"https://store.bricklink.com/generationbrick?p=generationbrick#/shop?o={%22itemType%22:%22P%22,%22catID%22:%2286%22,%22showHomeItems%22:0}",abc
93086,Medium Lavender ,€0.7425,"https://store.bricklink.com/generationbrick?p=generationbrick#/shop?o={%22itemType%22:%22P%22,%22catID%22:%2286%22,%22showHomeItems%22:0}",abc
70922,Blue ,€1.0275,"https://store.bricklink.com/generationbrick?p=generationbrick#/shop?o={%22itemType%22:%22P%22,%22catID%22:%2286%22,%22showHomeItems%22:0}",abc
70922,Lime ,€1.1625,"https://store.bricklink.com/generationbrick?p=generationbrick#/shop?o={%22itemType%22:%22P%22,%22catID%22:%2286%22,%22showHomeItems%22:0}",abc
2397,Black ,€0.075,"https://store.bricklink.com/generationbrick?p=generationbrick#/shop?o={%22itemType%22:%22P%22,%22catID%22:%2286%22,%22showHomeItems%22:0}",abc
2397,Magenta ,€0.0825,"https://store.bricklink.com/generationbrick?p=generationbrick#/shop?o={%22itemType%22:%22P%22,%22catID%22:%2286%22,%22showHomeItems%22:0}",abc
2397,Tan ,€1.1175,"https://store.bricklink.com/generationbrick?p=generationbrick#/shop?o={%22itemType%22:%22P%22,%22catID%22:%2286%22,%22showHomeItems%22:0}",abc
86059,Dark Bluish Gray ,€2.2425,"https://store.bricklink.com/generationbrick?p=generationbrick#/shop?o={%22itemType%22:%22P%22,%22catID%22:%2286%22,%22showHomeItems%22:0}",abc
90981,White ,€0.2175,"https://store.bricklink.com/generationbrick?p=generationbrick#/shop?o={%22itemType%22:%22P%22,%22catID%22:%2286%22,%22showHomeItems%22:0}",abc
30103,Black ,€0.3075,"https://store.bricklink.com/generationbrick?p=generationbrick#/shop?o={%22itemType%22:%22P%22,%22catID%22:%22146%22,%22showHomeItems%22:0}",abc
35074pb03,Dark Blue ,€0.5018,"https://store.bricklink.com/generationbrick?p=generationbrick#/shop?o={%22itemType%22:%22P%22,%22catID%22:%22146%22,%22showHomeItems%22:0}",abc
27063pb01,Yellow ,€0.8325,"https://store.bricklink.com/generationbrick?p=generationbrick#/shop?o={%22itemType%22:%22P%22,%22catID%22:%22146%22,%22showHomeItems%22:0}",abc
41835pb01,Dark Azure ,€1.8675,"https://store.bricklink.com/generationbrick?p=generationbrick#/shop?o={%22itemType%22:%22P%22,%22catID%22:%22146%22,%22showHomeItems%22:0}",abc
80674,Bright Light Yellow ,€0.3675,"https://store.bricklink.com/generationbrick?p=generationbrick#/shop?o={%22itemType%22:%22P%22,%22catID%22:%22146%22,%22showHomeItems%22:0}",abc
bb1278pb01,Satin Trans-Dark Blue ,€3.7425,"https://store.bricklink.com/generationbrick?p=generationbrick#/shop?o={%22itemType%22:%22P%22,%22catID%22:%22146%22,%22showHomeItems%22:0}",abc
92084,Tan ,€1.3425,"https://store.bricklink.com/generationbrick?p=generationbrick#/shop?o={%22itemType%22:%22P%22,%22catID%22:%22146%22,%22showHomeItems%22:0}",abc
92084pb03,White ,€1.4325,"https://store.bricklink.com/generationbrick?p=generationbrick#/shop?o={%22itemType%22:%22P%22,%22catID%22:%22146%22,%22showHomeItems%22:0}",abc
92084pb01,Reddish Brown ,€1.8675,"https://store.bricklink.com/generationbrick?p=generationbrick#/shop?o={%22itemType%22:%22P%22,%22catID%22:%22146%22,%22showHomeItems%22:0}",abc
92084pb06,Dark Tan ,€2.6175,"https://store.bricklink.com/generationbrick?p=generationbrick#/shop?o={%22itemType%22:%22P%22,%22catID%22:%22146%22,%22showHomeItems%22:0}",abc
21333pb05,White ,€1.7175,"https://store.bricklink.com/generationbrick?p=generationbrick#/shop?o={%22itemType%22:%22P%22,%22catID%22:%22146%22,%22showHomeItems%22:0}",abc
bb1355pb01,Reddish Brown ,€3.99,"https://store.bricklink.com/generationbrick?p=generationbrick#/shop?o={%22itemType%22:%22P%22,%22catID%22:%22146%22,%22showHomeItems%22:0}",abc
67632,Pearl Gold ,€1.3425,"https://store.bricklink.com/generationbrick?p=generationbrick#/shop?o={%22itemType%22:%22P%22,%22catID%22:%22146%22,%22showHomeItems%22:0}",abc
67632pb01,White ,€1.5525,"https://store.bricklink.com/generationbrick?p=generationbrick#/shop?o={%22itemType%22:%22P%22,%22catID%22:%22146%22,%22showHomeItems%22:0}",abc
67632pb02,Sand Blue ,€2.6325,"https://store.bricklink.com/generationbrick?p=generationbrick#/shop?o={%22itemType%22:%22P%22,%22catID%22:%22146%22,%22showHomeItems%22:0}",abc
porg06, ,€3.98,"https://store.bricklink.com/generationbrick?p=generationbrick#/shop?o={%22itemType%22:%22P%22,%22catID%22:%22146%22,%22showHomeItems%22:0}",abc
