60019,True
60020,True
42011,True
10233,True
10232,True
42010,True
76155,True
60023,True
60022,True
60021,True
10233,True
42011,True
60019,True
10232,True
76155,True
42010,True
60022,True
60020,True
60021,True
60023,True
6222,True
60023,True
44016,True
76137,True
41171,True
75292,True
79002,True
31083,True
10768,True
76164,True
31055,True
75248,True
8692,True
42047,True
70334,True
70207,True
41432,True
10997,True
5762,True
9092,True
76111,True
42115,True
43195,True
7868,True
60118,True
60312,True
41681,True
60365,True
7676,True
8518,True
75254,True
71734,True
60143,True
9491,True
75196,True
40536,True
7904,True
76127,True
70155,True
21240,True
70676,True
75090,True
21115,True
9483,True
5587,True
77012,True
7093,True
71780,True
70504,True
44027,True
40003,True
3858,True
8037,True
40631,True
71391,True
4202,True
71246,True
21034,True
7971,True
21138,True
8130,True
9449,True
8163,True
76021,True
75160,True
40211,True
4892,True
8724,True
7261,True
75872,True
41716,True
60120,True
4208,True
10789,True
70323,True
80024,True
71227,True
8396,True
7719,True
41443,True
21123,True
31205,True
21015,True
41390,True
41020,True
5891,True
75935,True
3870,True
60249,True
10220,True
7597,True
76078,True
41301,True
3183,True
9764,True
70173,True
76072,True
20013,True
71232,True
71750,True
21110,True
7579,True
70642,True
21317,True
75526,True
7699,True
40215,True
71344,True
4441,True
42151,True
7733,True
71761,True
21031,True
75930,True
71717,True
8988,True
9091,True
76133,True
76126,True
41388,True
8403,True
60067,True
75576,True
2233,True
7748,True
41593,True
5483,True
76064,True
71705,True
80022,True
70842,True
71310,True
75002,True
21338,True
60322,True
41430,True
70606,True
2824,True
8964,True
60186,True
60389,True
10777,True
21339,True
79122,True
41630,True
10266,True
41086,True
76832,True
41500,True
31006,True
8631,True
4635,True
40620,True
75954,True
7336,True
75875,True
41013,True
76383,True
75355,True
9531,True
76948,True
75167,True
80106,True
75101,True
60302,True
75199,True
70830,True
7945,True
21019,True
70336,True
41381,True
41502,True
10742,True
31093,True
75030,True
42158,True
41721,True
40009,True
70012,True
41239,True
76077,True
31208,True
6163,True
60191,True
7808,True
75301,True
5538,True
41595,True
42134,True
70833,True
41504,True
75044,True
60116,True
21052,True
7744,True
40360,True
76188,True
76183,True
42030,True
60018,True
40010,True
31134,True
4645,True
8117,True
8039,True
41001,True
30005,True
75973,True
8162,True
6741,True
31059,True
76143,True
30051,True
3184,True
3861,True
75341,True
10706,True
40011,True
60321,True
60276,True
60004,True
8262,True
8961,True
60027,True
70793,True
6914,True
7671,True
41075,True
60228,True
41746,True
71258,True
41622,True
41393,True
10784,True
70227,True
71422,True
41526,True
6161,True
70735,True
76045,True
42059,True
41039,True
80023,True
9385,True
70330,True
76261,True
10720,True
75180,True
40004,True
6857,True
79109,True
71210,True
10756,True
8914,True
40221,True
20007,True
41105,True
70162,True
7957,True
41028,True
3865,True
71257,True
31103,True
79121,True
41376,True
70803,True
4948,True
7050,True
40137,True
76405,True
41101,True
8089,True
80031,True
8685,True
41722,True
75118,True
70807,True
70167,True
60307,True
60145,True
6935,True
75339,True
21303,True
43185,True
43173,True
71407,True
31072,True
10243,True
9456,True
41538,True
70614,True
9583,True
21242,True
41094,True
41501,True
9495,True
21187,True
3815,True
60320,True
4417,True
6865,True
40269,True
70224,True
51515,True
7195,True
8973,True
6216,True
76907,True
71713,True
71311,True
41745,True
5930,True
41602,True
76156,True
4895,True
7965,True
41512,True
76134,True
75909,True
9693,True
70133,True
40657,True
44020,True
75005,True
31089,True
75060,True
76057,True
6217,True
60297,True
8068,True
40057,True
7785,True
70839,True
30000,True
71240,True
11013,True
31011,True
8201,True
76015,True
8231,True
76022,True
8282,True
60009,True
75291,True
42095,True
6944,True
30073,True
5614,True
5966,True
75261,True
10702,True
10195,True
75193,True
43209,True
70001,True
42106,True
70670,True
6936,True
8182,True
10703,True
3852,True
31098,True
4840,True
70000,True
42149,True
75900,True
60154,True
80007,True
8061,True
70366,True
71229,True
75173,True
60301,True
8486,True
3836,True
21332,True
2194,True
7665,True
5585,True
9311,True
71236,True
75138,True
70732,True
7657,True
21127,True
4527,True
70650,True
41573,True
8111,True
7673,True
75225,True
5867,True
41619,True
7067,True
76958,True
71042,True
8892,True
7138,True
71201,True
76006,True
70633,True
60212,True
5477,True
7198,True
60219,True
10757,True
21013,True
70106,True
41310,True
70500,True
71736,True
60045,True
42159,True
70423,True
75887,True
8491,True
70107,True
60044,True
7306,True
21315,True
10773,True
70365,True
10411,True
3862,True
60011,True
42006,True
76190,True
60333,True
41077,True
41427,True
71704,True
40153,True
70826,True
60348,True
9396,True
40388,True
8103,True
75134,True
75315,True
70618,True
41571,True
41707,True
60331,True
40106,True
8527,True
21012,True
41516,True
9763,True
70321,True
10263,True
30062,True
10212,True
70750,True
76071,True
75577,True
40158,True
70430,True
4999,True
75222,True
21342,True
21020,True
9845,True
71267,True
75155,True
6862,True
10728,True
75876,True
71783,True
8969,True
70903,True
10979,True
76413,True
75035,True
41600,True
41051,True
75256,True
41360,True
5416,True
70908,True
31002,True
31081,True
76004,True
76182,True
8275,True
3837,True
41623,True
60080,True
60072,True
6207,True
42077,True
70352,True
21329,True
75001,True
70105,True
31049,True
70671,True
10312,True
70212,True
41162,True
40352,True
41507,True
72006,True
10277,True
76232,True
41429,True
76205,True
30072,True
75233,True
75362,True
10698,True
5884,True
10299,True
42001,True
7608,True
5982,True
44019,True
7800,True
79016,True
76047,True
44017,True
70840,True
42107,True
60171,True
8670,True
7723,True
6162,True
42055,True
9464,True
41334,True
76099,True
10790,True
6747,True
9694,True
41509,True
40480,True
43186,True
8155,True
42097,True
7752,True
10681,True
31141,True
6218,True
43194,True
43204,True
40569,True
31067,True
75969,True
10983,True
76167,True
5933,True
71376,True
7187,True
41133,True
76900,True
70788,True
75163,True
41733,True
8031,True
76095,True
10769,True
71171,True
41570,True
5616,True
10968,True
40274,True
43207,True
75019,True
4637,True
42024,True
76068,True
4938,True
31097,True
10230,True
70595,True
42004,True
21311,True
41056,True
60043,True
31137,True
7939,True
9695,True
8974,True
30341,True
10988,True
76097,True
41686,True
71043,True
75116,True
31077,True
41710,True
76185,True
66405,True
70665,True
10174,True
75916,True
10713,True
5372,True
4433,True
40253,True
11019,True
71739,True
71703,True
40201,True
41391,True
21005,True
30010,True
76959,True
41092,True
10234,True
70206,True
70138,True
3568,True
71421,True
76105,True
75276,True
3850,True
75051,True
41354,True
31052,True
75165,True
70337,True
42071,True
75344,True
75038,True
21120,True
40628,True
70625,True
76212,True
41031,True
60239,True
31200,True
43206,True
76393,True
60390,True
21166,True
60280,True
41104,True
75150,True
7029,True
3874,True
71307,True
30001,True
41691,True
71453,True
71398,True
76149,True
3930,True
70132,True
41106,True
70347,True
60182,True
76150,True
5658,True
8104,True
71172,True
10903,True
70404,True
41736,True
30021,True
75080,True
9484,True
40466,True
75939,True
71228,True
5983,True
70756,True
7712,True
41049,True
40170,True
7631,True
10211,True
41058,True
70778,True
7625,True
4963,True
6227,True
71730,True
71405,True
70823,True
76210,True
4528,True
70904,True
70115,True
8399,True
21058,True
70231,True
75890,True
7168,True
8144,True
40540,True
60106,True
4103,True
4994,True
60339,True
71253,True
71420,True
21148,True
76128,True
9467,True
6111,True
6867,True
70318,True
60248,True
40639,True
76070,True
9213,True
10687,True
7686,True
8165,True
3827,True
41749,True
11008,True
79004,True
2145,True
2260,True
8960,True
9095,True
3843,True
31017,True
8056,True
40138,True
8281,True
75235,True
8227,True
60206,True
76406,True
41358,True
76016,True
71774,True
8188,True
8991,True
70780,True
76027,True
79107,True
5766,True
60179,True
5864,True
10755,True
71287,True
7789,True
60277,True
70127,True
60242,True
71755,True
75979,True
21313,True
5625,True
8191,True
70673,True
41607,True
76945,True
75828,True
71701,True
10497,True
41184,True
7970,True
8028,True
60144,True
70781,True
8397,True
70588,True
75302,True
21318,True
44007,True
4642,True
8102,True
10987,True
71455,True
70590,True
8194,True
60100,True
60229,True
7784,True
70436,True
40203,True
60082,True
3866,True
8972,True
79003,True
40421,True
60342,True
21168,True
75966,True
8917,True
71417,True
60156,True
75278,True
40441,True
41373,True
70222,True
42048,True
40477,True
76080,True
76412,True
10753,True
41179,True
70316,True
70647,True
75902,True
41562,True
80111,True
10181,True
71314,True
41062,True
71757,True
71218,True
6911,True
40658,True
9516,True
31133,True
76191,True
41446,True
6243,True
7609,True
41487,True
70312,True
4867,True
75087,True
31000,True
43187,True
43202,True
8682,True
42056,True
41333,True
70627,True
75891,True
10184,True
31021,True
70228,True
76910,True
71170,True
30071,True
42116,True
8294,True
60216,True
40013,True
60142,True
75200,True
10316,True
11009,True
75132,True
70422,True
71389,True
9463,True
71427,True
41321,True
71234,True
71006,True
21180,True
31197,True
8995,True
75946,True
70815,True
7174,True
10721,True
7713,True
44012,True
10766,True
21132,True
2519,True
70669,True
6128,True
42068,True
77015,True
9676,True
7661,True
41347,True
71238,True
75967,True
41754,True
41339,True
10695,True
40547,True
10229,True
80049,True
21046,True
8401,True
40014,True
41811,True
41378,True
2141,True
8968,True
41320,True
70325,True
75188,True
10298,True
76207,True
76939,True
41188,True
7156,True
41735,True
41256,True
31009,True
8907,True
7158,True
75251,True
41236,True
75310,True
9675,True
9324,True
41144,True
5519,True
7582,True
70140,True
7704,True
8985,True
44015,True
40644,True
6754,True
9395,True
60319,True
21335,True
60135,True
75140,True
75204,True
70112,True
7624,True
60035,True
4630,True
8977,True
31010,True
41523,True
75322,True
10679,True
60130,True
40478,True
40560,True
2231,True
9479,True
31038,True
71300,True
80016,True
40183,True
9843,True
70431,True
40090,True
21126,True
5979,True
6126,True
21169,True
41022,True
41440,True
10764,True
60267,True
60151,True
80045,True
75205,True
75265,True
40518,True
76076,True
40457,True
7938,True
75084,True
21326,True
8881,True
8634,True
70205,True
76409,True
31102,True
72003,True
40143,True
76199,True
7776,True
80010,True
4997,True
7681,True
75332,True
75941,True
41605,True
31123,True
21122,True
6282,True
41713,True
80018,True
31027,True
7065,True
8967,True
8885,True
42057,True
79006,True
41302,True
8637,True
7052,True
3932,True
10233,True
8284,True
8661,True
75822,True
7235,True
60209,True
7968,True
2521,True
42010,True
76012,True
70667,True
6118,True
7570,True
21003,True
21002,True
8153,True
31099,True
60092,True
75229,True
10235,True
7049,True
7803,True
7786,True
79111,True
5584,True
76189,True
41134,True
75319,True
41739,True
71404,True
75971,True
76170,True
60350,True
41123,True
40379,True
75888,True
75012,True
70629,True
10730,True
41621,True
7091,True
41057,True
10248,True
41626,True
8293,True
10660,True
41554,True
76116,True
76023,True
10268,True
75551,True
8283,True
71770,True
75901,True
9699,True
75220,True
60062,True
20012,True
8921,True
76013,True
31019,True
41387,True
75523,True
41183,True
9628,True
40490,True
60203,True
76055,True
41677,True
66363,True
41126,True
7172,True
60316,True
8152,True
8099,True
70432,True
8087,True
75826,True
70349,True
41089,True
31068,True
7692,True
31207,True
75190,True
70802,True
60103,True
60070,True
3845,True
43113,True
11015,True
41524,True
60261,True
70317,True
10671,True
21060,True
5621,True
8105,True
41751,True
70602,True
10747,True
30061,True
60036,True
10178,True
8149,True
8954,True
11003,True
21159,True
75957,True
7881,True
8731,True
8047,True
10194,True
3658,True
70315,True
75098,True
7746,True
7667,True
7628,True
42079,True
41015,True
10198,True
43196,True
70161,True
41068,True
70220,True
21141,True
75028,True
55001,True
10188,True
31022,True
60213,True
70131,True
41122,True
41372,True
71373,True
71221,True
41617,True
31020,True
60053,True
60032,True
41568,True
30030,True
70202,True
42124,True
70847,True
60304,True
10775,True
60047,True
6937,True
4183,True
7639,True
4962,True
60077,True
8994,True
60366,True
75037,True
10267,True
7633,True
60360,True
76163,True
3826,True
10241,True
41517,True
41724,True
2505,True
76151,True
70011,True
21119,True
70806,True
31071,True
8529,True
76120,True
70319,True
75263,True
8693,True
7285,True
31129,True
41182,True
75197,True
75821,True
40350,True
41423,True
60138,True
10754,True
60210,True
9472,True
3063,True
71461,True
10748,True
60346,True
7644,True
4195,True
7660,True
70160,True
11007,True
7705,True
21309,True
9444,True
10265,True
6742,True
71791,True
76941,True
41335,True
41742,True
7900,True
70610,True
8915,True
60141,True
75024,True
7848,True
41527,True
40496,True
40420,True
80038,True
31029,True
31088,True
43183,True
8665,True
71702,True
20005,True
40134,True
60200,True
76140,True
43230,True
21041,True
75252,True
76195,True
42101,True
7594,True
11022,True
10996,True
75081,True
40307,True
70752,True
7724,True
7627,True
41069,True
10984,True
7700,True
7793,True
7952,True
8100,True
41688,True
8091,True
7658,True
41169,True
21341,True
71309,True
7702,True
8015,True
8686,True
75370,True
9515,True
8662,True
71308,True
5970,True
76031,True
76394,True
4496,True
42040,True
70593,True
10744,True
31199,True
8038,True
70596,True
10256,True
42096,True
21244,True
4194,True
7985,True
7780,True
6945,True
31039,True
31116,True
9844,True
40218,True
75337,True
3181,True
60291,True
60351,True
7620,True
10661,True
8086,True
7886,True
5642,True
76225,True
31210,True
3840,True
2064,True
3065,True
11028,True
31201,True
7949,True
76041,True
41125,True
41191,True
7305,True
41098,True
42036,True
5763,True
71460,True
80021,True
8154,True
21000,True
40634,True
41610,True
10717,True
20010,True
60218,True
10974,True
40425,True
70744,True
21004,True
40264,True
60274,True
41053,True
75266,True
41348,True
75246,True
71784,True
42092,True
41730,True
7693,True
40132,True
70794,True
60375,True
76075,True
10683,True
75156,True
8704,True
60173,True
10183,True
79017,True
60294,True
8132,True
41168,True
2183,True
60136,True
75330,True
40135,True
7950,True
75153,True
31202,True
70708,True
60258,True
76211,True
7175,True
10245,True
8639,True
76117,True
40517,True
10982,True
75025,True
76050,True
42125,True
75895,True
76417,True
70841,True
21023,True
60257,True
7682,True
7598,True
60227,True
42008,True
21248,True
8902,True
75309,True
41323,True
42031,True
41558,True
75305,True
76901,True
10709,True
4866,True
42021,True
60149,True
41033,True
75892,True
60162,True
7116,True
10668,True
70326,True
8148,True
40613,True
31044,True
44001,True
79108,True
21190,True
7883,True
10253,True
41174,True
9677,True
76266,True
71401,True
71423,True
31096,True
4987,True
76107,True
2063,True
21176,True
8400,True
40136,True
7734,True
5882,True
21106,True
75219,True
41336,True
71768,True
60271,True
3832,True
7799,True
7962,True
76253,True
41574,True
75358,True
75015,True
71230,True
75054,True
41586,True
75040,True
5618,True
70683,True
70900,True
41356,True
8638,True
21105,True
75281,True
7914,True
70902,True
6863,True
43188,True
7781,True
31035,True
70700,True
5868,True
70837,True
72004,True
8060,True
21042,True
70703,True
60052,True
10311,True
10992,True
41528,True
71202,True
21114,True
9841,True
70653,True
6866,True
75243,True
76020,True
5620,True
30006,True
8706,True
71390,True
42156,True
21133,True
7967,True
7695,True
41043,True
70804,True
31023,True
71733,True
10954,True
42126,True
42139,True
21204,True
7875,True
76385,True
3648,True
42130,True
21128,True
42052,True
41379,True
7662,True
40618,True
5560,True
8136,True
60183,True
70659,True
70010,True
60250,True
60192,True
41711,True
41045,True
41448,True
7663,True
4597,True
21102,True
60347,True
70664,True
80033,True
43232,True
3828,True
8290,True
30042,True
10402,True
8036,True
41047,True
3818,True
40271,True
40367,True
40426,True
60010,True
21312,True
71231,True
41173,True
6912,True
21027,True
41695,True
70014,True
75177,True
7207,True
80104,True
71764,True
7877,True
76422,True
76903,True
11004,True
76258,True
76030,True
40171,True
66396,True
75010,True
7196,True
70210,True
10189,True
41103,True
41537,True
44024,True
21144,True
8138,True
75172,True
4641,True
31012,True
72005,True
40621,True
8072,True
76399,True
9465,True
70818,True
76053,True
7708,True
7645,True
75075,True
75908,True
70156,True
7947,True
75578,True
8734,True
4900,True
71787,True
76034,True
4992,True
21178,True
41734,True
40080,True
43231,True
3920,True
43226,True
31143,True
10759,True
75880,True
70600,True
42135,True
75294,True
75317,True
76251,True
71207,True
40623,True
40263,True
70624,True
41519,True
60157,True
75052,True
5612,True
92177,True
7891,True
42157,True
76141,True
70609,True
9846,True
43225,True
71722,True
7176,True
76154,True
70674,True
8084,True
10193,True
60362,True
10186,True
76244,True
76037,True
21134,True
7802,True
5638,True
60324,True
8633,True
7569,True
41575,True
60289,True
11012,True
43217,True
42140,True
9027,True
70413,True
8052,True
6299,True
75244,True
10290,True
8945,True
9497,True
6221,True
75137,True
10204,True
71416,True
75092,True
10276,True
4828,True
75533,True
21310,True
10902,True
42049,True
41154,True
21320,True
41449,True
10196,True
70113,True
7498,True
70335,True
75335,True
75110,True
70655,True
70310,True
41035,True
8983,True
40353,True
9492,True
75345,True
2518,True
40188,True
41090,True
70429,True
7749,True
41425,True
31008,True
41594,True
70628,True
40549,True
8984,True
41030,True
7189,True
21186,True
10251,True
71382,True
9392,True
70434,True
10308,True
40123,True
7876,True
31018,True
4418,True
40535,True
10217,True
76957,True
71315,True
5932,True
8016,True
21226,True
41701,True
8287,True
41018,True
76264,True
76003,True
7915,True
76956,True
10783,True
75329,True
60097,True
71418,True
7572,True
8264,True
40462,True
42050,True
42062,True
21181,True
75185,True
4899,True
75353,True
75342,True
10899,True
7208,True
10787,True
42063,True
6203,True
8698,True
31046,True
7743,True
40118,True
60086,True
9443,True
41422,True
9581,True
5965,True
42045,True
8115,True
41687,True
7611,True
75270,True
4644,True
41128,True
76124,True
41428,True
10182,True
8126,True
6283,True
41539,True
40204,True
76063,True
41612,True
60220,True
76947,True
7739,True
10323,True
21022,True
10771,True
9334,True
10941,True
76407,True
41161,True
70631,True
40293,True
70651,True
41357,True
21051,True
40173,True
7709,True
7642,True
10972,True
70646,True
41603,True
8492,True
41024,True
70728,True
21245,True
3188,True
6868,True
7892,True
3834,True
70149,True
70355,True
41699,True
70338,True
80019,True
8186,True
8296,True
75318,True
75934,True
8107,True
70591,True
70666,True
6191,True
60336,True
7991,True
71706,True
75535,True
60282,True
75911,True
79014,True
75129,True
41181,True
20003,True
70679,True
75139,True
70615,True
4955,True
21001,True
7906,True
75182,True
70678,True
42076,True
60117,True
71740,True
8884,True
41237,True
4192,True
8899,True
5493,True
75889,True
75948,True
8128,True
7626,True
71415,True
75343,True
42054,True
75157,True
41398,True
10973,True
40399,True
8981,True
7347,True
75873,True
2504,True
70731,True
60019,True
10750,True
60323,True
75264,True
40554,True
3885,True
41150,True
75042,True
10733,True
8978,True
41696,True
60287,True
40124,True
42104,True
31142,True
80032,True
21030,True
41318,True
70824,True
3315,True
40646,True
3816,True
60104,True
75549,True
8129,True
70639,True
60222,True
11016,True
7990,True
41577,True
71741,True
7787,True
41585,True
76174,True
7117,True
50003,True
60272,True
71709,True
75226,True
76914,True
41232,True
76181,True
60108,True
3859,True
76058,True
70622,True
76098,True
21328,True
60121,True
76083,True
60128,True
9688,True
41316,True
80040,True
75078,True
8073,True
7669,True
70743,True
41366,True
30013,True
8663,True
60380,True
5512,True
8125,True
75114,True
41529,True
8083,True
60358,True
10749,True
20001,True
10254,True
41130,True
71785,True
21149,True
21054,True
10274,True
3177,True
30003,True
71403,True
43211,True
21247,True
75953,True
60013,True
70433,True
31075,True
41715,True
40145,True
76961,True
80013,True
40305,True
75296,True
7286,True
5609,True
60245,True
60377,True
8228,True
9322,True
70333,True
5529,True
75328,True
80026,True
9446,True
3839,True
71700,True
41157,True
76187,True
8096,True
70680,True
42053,True
75940,True
8411,True
41737,True
8147,True
70172,True
8673,True
7236,True
40385,True
60185,True
21014,True
76162,True
76180,True
80030,True
71414,True
10732,True
31031,True
76203,True
79110,True
10213,True
70502,True
4916,True
76161,True
8949,True
30034,True
7884,True
76129,True
21016,True
71760,True
10258,True
70753,True
21036,True
21301,True
70812,True
80109,True
6194,True
41060,True
7566,True
10284,True
60167,True
75259,True
8624,True
41556,True
8402,True
6200,True
70643,True
71305,True
8962,True
44005,True
75871,True
75919,True
70657,True
31069,True
31100,True
41325,True
41546,True
70501,True
7680,True
75102,True
8070,True
76218,True
6176,True
41034,True
70171,True
60273,True
41451,True
30041,True
8019,True
8018,True
8957,True
8122,True
75241,True
9217,True
31209,True
2232,True
7997,True
6164,True
60266,True
70656,True
21039,True
76119,True
60296,True
75217,True
75119,True
70754,True
7148,True
3936,True
75202,True
7580,True
42132,True
42026,True
9544,True
40213,True
7327,True
76217,True
43216,True
5893,True
4032,True
71763,True
42112,True
60180,True
60343,True
71387,True
71383,True
8958,True
21321,True
75874,True
2506,True
8041,True
60330,True
3817,True
10767,True
41097,True
75168,True
70916,True
10729,True
4427,True
5764,True
21158,True
8288,True
60131,True
41000,True
60075,True
10305,True
79000,True
76085,True
41176,True
3849,True
41578,True
80039,True
3186,True
40624,True
60326,True
41230,True
76049,True
7549,True
41313,True
7871,True
8124,True
76408,True
40632,True
6211,True
10993,True
41254,True
75975,True
71762,True
41614,True
30050,True
60373,True
75947,True
31127,True
79118,True
6192,True
10735,True
76007,True
40214,True
60069,True
41072,True
10214,True
8146,True
70599,True
40544,True
5866,True
31043,True
8192,True
4738,True
75221,True
44006,True
60395,True
4432,True
80110,True
70829,True
75356,True
8157,True
60309,True
41698,True
60168,True
76248,True
8963,True
41576,True
60074,True
31101,True
10317,True
4439,True
21319,True
71370,True
21131,True
31105,True
43112,True
70008,True
60224,True
10667,True
7984,True
2143,True
7591,True
41596,True
7964,True
8143,True
21130,True
40442,True
8908,True
71313,True
76011,True
60033,True
8490,True
75348,True
75036,True
70354,True
4966,True
31062,True
60328,True
75136,True
75210,True
70143,True
60341,True
2068,True
70125,True
41153,True
6864,True
75178,True
70742,True
60177,True
70505,True
41258,True
70209,True
41099,True
9494,True
60064,True
70913,True
71316,True
8053,True
41061,True
76082,True
75351,True
8732,True
75108,True
6166,True
9448,True
60132,True
7326,True
7668,True
40497,True
3178,True
75186,True
41167,True
10315,True
60198,True
76391,True
60017,True
70211,True
40349,True
66394,True
9445,True
8900,True
79119,True
4625,True
41560,True
75575,True
76942,True
8088,True
76144,True
41705,True
79018,True
40122,True
6116,True
10998,True
8897,True
4626,True
71395,True
76048,True
71731,True
76420,True
4841,True
76139,True
41119,True
70723,True
70403,True
41363,True
75034,True
41180,True
10780,True
71752,True
75314,True
75950,True
10270,True
7179,True
7888,True
76032,True
71286,True
75073,True
31130,True
75209,True
71419,True
71388,True
5761,True
21139,True
40574,True
8271,True
5888,True
70145,True
9470,True
8944,True
71203,True
60051,True
6858,True
9660,True
21162,True
76384,True
76214,True
3854,True
70150,True
60279,True
71217,True
41054,True
3886,True
21043,True
41164,True
60000,True
75346,True
76159,True
41002,True
75363,True
70787,True
9450,True
31033,True
71796,True
70612,True
8823,True
21241,True
41135,True
42141,True
21152,True
76002,True
41531,True
31092,True
6241,True
42121,True
8063,True
75041,True
9496,True
75321,True
40495,True
8697,True
40289,True
8943,True
8691,True
8487,True
40107,True
70424,True
70813,True
75198,True
4210,True
8678,True
42128,True
10190,True
75105,True
41396,True
7630,True
70410,True
70817,True
11717,True
75359,True
60073,True
76245,True
31066,True
3838,True
41371,True
40479,True
8630,True
70641,True
41095,True
60197,True
8108,True
60066,True
5771,True
60298,True
70811,True
31113,True
75886,True
3863,True
31111,True
75938,True
75936,True
41078,True
31042,True
7586,True
21113,True
42029,True
42084,True
75142,True
40254,True
10970,True
8898,True
7804,True
7602,True
41759,True
76209,True
60233,True
8696,True
75059,True
8272,True
2144,True
71343,True
5985,True
7090,True
70006,True
7581,True
70223,True
70831,True
4939,True
4206,True
21306,True
8920,True
10173,True
8695,True
10257,True
31117,True
70357,True
60255,True
76909,True
40626,True
60313,True
40573,True
42117,True
31108,True
76192,True
10788,True
75009,True
40000,True
75171,True
71044,True
8932,True
76000,True
5972,True
41147,True
76213,True
7956,True
70660,True
75107,True
8729,True
8517,True
75014,True
41544,True
60084,True
5491,True
76008,True
9842,True
7292,True
75250,True
9227,True
6253,True
79101,True
8636,True
7157,True
43227,True
70101,True
76946,True
60283,True
10252,True
8067,True
41542,True
41627,True
7879,True
21057,True
2516,True
70662,True
41231,True
40443,True
71793,True
76061,True
75100,True
60325,True
30012,True
41115,True
2254,True
41375,True
3179,True
10221,True
11020,True
40381,True
70136,True
60372,True
76130,True
9530,True
42144,True
31080,True
8095,True
75151,True
8133,True
4204,True
76386,True
60016,True
80107,True
5619,True
5899,True
8043,True
7795,True
60169,True
7685,True
6239,True
8879,True
7738,True
76223,True
7930,True
42102,True
71266,True
5589,True
40165,True
70103,True
76904,True
75031,True
41503,True
75304,True
75049,True
70637,True
75018,True
4917,True
8689,True
9335,True
75977,True
8681,True
40571,True
71241,True
10227,True
75326,True
7996,True
75003,True
70322,True
8705,True
80028,True
44026,True
5615,True
41166,True
70636,True
71399,True
75360,True
41193,True
70740,True
10731,True
21136,True
79115,True
70402,True
71794,True
3573,True
75275,True
42146,True
7079,True
31115,True
70135,True
10786,True
10696,True
10293,True
41532,True
70746,True
41609,True
9478,True
66389,True
41395,True
42023,True
70130,True
75350,True
5506,True
71304,True
5892,True
4436,True
41589,True
8206,True
42150,True
76165,True
40630,True
76001,True
41148,True
75247,True
8017,True
75974,True
75189,True
40205,True
30035,True
76252,True
21314,True
4993,True
75013,True
21205,True
42099,True
60170,True
9486,True
40542,True
8214,True
9447,True
9667,True
44003,True
3180,True
8674,True
41235,True
41063,True
75112,True
31060,True
41533,True
5865,True
41709,True
60123,True
75572,True
40226,True
76079,True
75154,True
11001,True
41073,True
8168,True
40648,True
60160,True
31104,True
41549,True
7632,True
76220,True
8493,True
71769,True
60286,True
76084,True
21302,True
41717,True
60337,True
76895,True
76902,True
76166,True
10760,True
70100,True
71742,True
76040,True
21165,True
7872,True
60122,True
7907,True
10776,True
75045,True
75893,True
21103,True
75532,True
2235,True
8675,True
71732,True
41590,True
42094,True
10191,True
7177,True
41555,True
7040,True
71710,True
60392,True
70907,True
41714,True
5539,True
40334,True
66375,True
71242,True
70722,True
76395,True
8970,True
71204,True
21021,True
21116,True
8893,True
10655,True
60159,True
40222,True
4949,True
8910,True
41486,True
9461,True
31040,True
60207,True
71745,True
6187,True
60101,True
5475,True
10686,True
41629,True
76216,True
60290,True
70912,True
3846,True
60369,True
40225,True
70503,True
31057,True
60021,True
41196,True
41328,True
76215,True
8726,True
70658,True
70608,True
10176,True
70835,True
41541,True
76100,True
70111,True
70409,True
70621,True
8919,True
43223,True
43218,True
60041,True
60068,True
75536,True
3934,True
8221,True
10722,True
40622,True
6638,True
76131,True
70736,True
66378,True
40362,True
44000,True
41442,True
8926,True
21146,True
75053,True
7666,True
42129,True
21161,True
70810,True
76108,True
2283,True
40481,True
70005,True
10723,True
41744,True
76028,True
8672,True
60150,True
43111,True
7567,True
4897,True
40617,True
9390,True
4937,True
40382,True
70114,True
6751,True
76950,True
6119,True
7716,True
10250,True
60140,True
41185,True
8200,True
7009,True
7287,True
75141,True
41364,True
5646,True
41563,True
5645,True
8976,True
7571,True
31048,True
3366,True
10192,True
41515,True
8721,True
41025,True
70632,True
3189,True
9468,True
75085,True
76168,True
41042,True
42090,True
70645,True
4998,True
76392,True
10765,True
71397,True
41120,True
60065,True
7913,True
21135,True
70617,True
7726,True
31135,True
60254,True
7694,True
80044,True
30070,True
8057,True
71255,True
75311,True
8733,True
7894,True
21109,True
60391,True
10971,True
5517,True
70809,True
8092,True
71244,True
71256,True
60310,True
41355,True
70626,True
40494,True
75903,True
10981,True
75011,True
71748,True
76831,True
75915,True
8167,True
60345,True
75271,True
60091,True
41505,True
31030,True
9679,True
41192,True
41444,True
40121,True
3569,True
40210,True
75306,True
41697,True
70007,True
41307,True
76224,True
8703,True
10232,True
40521,True
8896,True
60057,True
75218,True
5617,True
71251,True
71773,True
30020,True
75161,True
41723,True
60299,True
76255,True
60022,True
21208,True
41076,True
75079,True
41604,True
41343,True
41362,True
8098,True
60046,True
41441,True
70828,True
31058,True
8669,True
8986,True
40651,True
70905,True
60176,True
75033,True
76060,True
60178,True
75958,True
60398,True
71219,True
7797,True
40008,True
21172,True
10726,True
41186,True
41392,True
8106,True
42046,True
10294,True
60214,True
7998,True
42091,True
76148,True
8519,True
10273,True
71771,True
42111,True
7688,True
7206,True
21340,True
79100,True
40384,True
75159,True
41159,True
8014,True
21033,True
60384,True
40059,True
8664,True
60394,True
42093,True
8069,True
40260,True
10994,True
8118,True
71797,True
41380,True
76260,True
70601,True
60340,True
7160,True
8980,True
71767,True
70827,True
9241,True
75007,True
8494,True
31095,True
60158,True
76042,True
71747,True
41346,True
60096,True
75368,True
79012,True
41543,True
76239,True
2067,True
8139,True
7869,True
71173,True
70663,True
5984,True
40082,True
8929,True
41172,True
41019,True
4643,True
8291,True
42122,True
31056,True
10963,True
70720,True
41587,True
70412,True
60147,True
70364,True
60190,True
60058,True
41564,True
40251,True
75021,True
42148,True
21104,True
40498,True
8196,True
75365,True
7664,True
40625,True
60048,True
60014,True
76993,True
40552,True
21117,True
70616,True
75364,True
75088,True
4995,True
7545,True
42143,True
9441,True
7959,True
75357,True
21327,True
7647,True
11018,True
70792,True
40436,True
75945,True
75574,True
60308,True
10737,True
10665,True
10219,True
43181,True
70724,True
41729,True
71213,True
80011,True
70751,True
6242,True
8101,True
76388,True
7610,True
76112,True
71718,True
7741,True
8081,True
70849,True
8119,True
31114,True
41386,True
4430,True
60329,True
8883,True
7703,True
41522,True
71223,True
41748,True
3221,True
75334,True
41433,True
60215,True
10758,True
41253,True
7604,True
80041,True
31032,True
10906,True
20006,True
75164,True
42137,True
4737,True
10707,True
75288,True
41588,True
9480,True
10704,True
21160,True
41036,True
9393,True
30032,True
60371,True
21008,True
75095,True
8666,True
31065,True
41329,True
7654,True
40172,True
8687,True
8197,True
3871,True
7873,True
9696,True
76054,True
42060,True
7672,True
4842,True
70748,True
7805,True
60251,True
31028,True
75187,True
5378,True
42080,True
10210,True
41088,True
42007,True
60125,True
60152,True
7937,True
4415,True
10236,True
76254,True
5644,True
41250,True
41004,True
7896,True
70733,True
7684,True
75117,True
71708,True
40035,True
3851,True
75369,True
5508,True
8764,True
7145,True
41017,True
40627,True
75333,True
75077,True
76940,True
41093,True
41023,True
70332,True
75170,True
8113,True
41029,True
7648,True
21029,True
70906,True
43229,True
5573,True
75269,True
10976,True
6223,True
8398,True
40223,True
2236,True
10734,True
31118,True
40142,True
72002,True
75237,True
40383,True
76029,True
4936,True
21188,True
60008,True
7217,True
7135,True
40468,True
8190,True
40348,True
75262,True
76087,True
8821,True
40409,True
8935,True
42064,True
60311,True
70147,True
30009,True
10937,True
60001,True
75240,True
7216,True
71711,True
75284,True
43199,True
4530,True
70104,True
9686,True
76243,True
70704,True
31204,True
60071,True
41389,True
10675,True
8930,True
5973,True
21140,True
41720,True
40174,True
3933,True
75980,True
40180,True
31036,True
41129,True
76991,True
60305,True
6753,True
79106,True
6230,True
7325,True
8265,True
75316,True
41550,True
41450,True
76410,True
31107,True
43198,True
8923,True
8941,True
40114,True
8184,True
8033,True
80048,True
60164,True
75020,True
70681,True
70790,True
4954,True
75236,True
80035,True
7687,True
11029,True
40001,True
7335,True
8150,True
8151,True
9398,True
9698,True
41597,True
75135,True
75268,True
40186,True
40550,True
9526,True
41383,True
76160,True
71396,True
71216,True
75286,True
5626,True
4435,True
11002,True
40391,True
75083,True
75104,True
4991,True
41611,True
11021,True
41085,True
7683,True
42041,True
10697,True
60247,True
31045,True
76411,True
10260,True
8424,True
60332,True
60208,True
3677,True
7961,True
30040,True
40110,True
80047,True
41066,True
21010,True
2065,True
76044,True
4438,True
10187,True
70311,True
70427,True
4526,True
7237,True
71454,True
2191,True
60034,True
5373,True
9632,True
21153,True
9394,True
70435,True
76088,True
7164,True
7774,True
41692,True
10302,True
43114,True
7578,True
70126,True
75530,True
66365,True
40440,True
70607,True
2142,True
41431,True
41683,True
10669,True
60221,True
76262,True
8864,True
5509,True
5574,True
60284,True
71786,True
10300,True
75870,True
31074,True
9499,True
40408,True
41726,True
8904,True
76125,True
41421,True
70362,True
10663,True
42038,True
71302,True
7137,True
70165,True
8211,True
41426,True
8993,True
75212,True
60397,True
75048,True
60382,True
70914,True
76113,True
60252,True
3938,True
4981,True
70358,True
70915,True
7213,True
41359,True
60088,True
8822,True
60232,True
75029,True
60139,True
41725,True
7199,True
40206,True
21170,True
10282,True
9391,True
60181,True
40370,True
60223,True
5770,True
41349,True
5627,True
41613,True
76908,True
41361,True
71245,True
10223,True
76917,True
10656,True
7953,True
5650,True
4947,True
10738,True
60059,True
76989,True
76259,True
5887,True
40112,True
70838,True
8112,True
7638,True
60126,True
4203,True
6231,True
7778,True
71400,True
60049,True
6092,True
7706,True
7612,True
8199,True
42136,True
76257,True
7994,True
70232,True
43178,True
79015,True
7279,True
7674,True
41579,True
31076,True
70672,True
10401,True
11032,True
4865,True
7587,True
42033,True
7796,True
30002,True
31024,True
70201,True
76247,True
70705,True
10705,True
10289,True
6167,True
8971,True
75531,True
71720,True
75223,True
76389,True
75885,True
8093,True
75320,True
7646,True
41314,True
70013,True
31053,True
31026,True
71346,True
7606,True
7690,True
76906,True
7899,True
75099,True
41599,True
7711,True
7993,True
21055,True
75524,True
76396,True
60368,True
76944,True
41194,True
4207,True
8137,True
60093,True
10666,True
41424,True
6293,True
44011,True
70359,True
75022,True
9469,True
10985,True
71215,True
42011,True
40572,True
42103,True
7038,True
7037,True
31140,True
42074,True
10318,True
71349,True
60194,True
42109,True
41513,True
76397,True
10967,True
7890,True
31078,True
60204,True
70909,True
76830,True
8990,True
7770,True
10242,True
60344,True
41143,True
7452,True
77013,True
6131,True
60244,True
75004,True
42105,True
8078,True
4894,True
41685,True
4434,True
40181,True
7048,True
10314,True
10272,True
60025,True
44022,True
70682,True
5749,True
75133,True
8701,True
31086,True
6177,True
31131,True
7893,True
31005,True
41160,True
8677,True
71233,True
71380,True
21155,True
9440,True
7737,True
4416,True
10725,True
5814,True
8952,True
75824,True
42069,True
41755,True
75879,True
31119,True
7615,True
5967,True
79013,True
71712,True
10763,True
60356,True
4201,True
75547,True
4996,True
71766,True
75884,True
41628,True
75016,True
8045,True
41740,True
41145,True
71772,True
10986,True
75166,True
41352,True
41195,True
41694,True
60119,True
75290,True
8922,True
79001,True
7548,True
6918,True
8029,True
21157,True
60240,True
10281,True
21189,True
75249,True
66386,True
10727,True
42147,True
71371,True
71425,True
41557,True
4838,True
7905,True
75093,True
70911,True
70108,True
60107,True
75546,True
76039,True
70137,True
40523,True
10774,True
75537,True
70170,True
76025,True
41111,True
6240,True
60079,True
21011,True
76951,True
75293,True
42044,True
71372,True
71205,True
75072,True
70144,True
31120,True
7977,True
8894,True
75055,True
41693,True
40522,True
8058,True
40647,True
60306,True
6053,True
76265,True
60085,True
75955,True
6202,True
71458,True
5582,True
40228,True
42034,True
60111,True
5929,True
40144,True
7955,True
70123,True
11031,True
9386,True
5487,True
41303,True
42070,True
41608,True
60042,True
60270,True
21167,True
42119,True
42118,True
41026,True
10306,True
6206,True
70139,True
31064,True
10662,True
76198,True
41041,True
75232,True
60378,True
31112,True
43192,True
41999,True
75277,True
75272,True
70339,True
41548,True
70592,True
75109,True
10226,True
7066,True
30011,True
7097,True
5610,True
41027,True
7801,True
3829,True
6114,True
70730,True
60295,True
75216,True
8131,True
75882,True
76249,True
7946,True
40493,True
9797,True
76102,True
10200,True
7773,True
7779,True
80105,True
70421,True
41731,True
40314,True
41445,True
41091,True
60335,True
70836,True
9525,True
2507,True
70204,True
42123,True
76201,True
21118,True
60246,True
6752,True
75325,True
4893,True
71789,True
7902,True
60243,True
60202,True
31073,True
41311,True
41312,True
66397,True
8723,True
9471,True
75965,True
8410,True
75195,True
41037,True
75371,True
80020,True
10249,True
9094,True
76178,True
8071,True
8079,True
7897,True
76122,True
75257,True
60015,True
4184,True
75050,True
75528,True
7721,True
42153,True
75912,True
43179,True
7678,True
40197,True
70648,True
41112,True
3368,True
41511,True
5606,True
41117,True
2509,True
11027,True
41702,True
41308,True
8975,True
7178,True
10674,True
41032,True
75978,True
7895,True
10657,True
76230,True
70688,True
70814,True
10673,True
8946,True
31037,True
75323,True
8901,True
41684,True
21124,True
60318,True
60317,True
71312,True
10291,True
75827,True
7771,True
40125,True
7775,True
75299,True
41592,True
70142,True
76416,True
71220,True
10247,True
60364,True
70821,True
60061,True
40424,True
71754,True
21007,True
76158,True
42161,True
70737,True
31144,True
31139,True
41187,True
41158,True
10155,True
7051,True
21243,True
3853,True
2263,True
75267,True
41100,True
60338,True
9999,True
10989,True
70800,True
7659,True
7599,True
7753,True
9442,True
76142,True
40559,True
71721,True
3835,True
40092,True
41342,True
77906,True
76990,True
70675,True
3937,True
6228,True
31084,True
21316,True
21333,True
75000,True
10772,True
70613,True
40208,True
8813,True
6620,True
75258,True
71782,True
9580,True
75878,True
10271,True
80103,True
40209,True
75089,True
41304,True
71781,True
10215,True
10739,True
8285,True
7635,True
5549,True
42058,True
7903,True
41545,True
60379,True
8258,True
5522,True
42138,True
60388,True
10179,True
42037,True
42088,True
3848,True
8075,True
76382,True
7643,True
8942,True
40423,True
60383,True
6743,True
40034,True
76200,True
41319,True
9490,True
7992,True
21322,True
20014,True
70635,True
76414,True
76899,True
44002,True
75968,True
75283,True
10216,True
75145,True
40005,True
40456,True
75579,True
76960,True
71788,True
31122,True
44013,True
70004,True
70400,True
92176,True
70110,True
41439,True
7901,True
75017,True
70747,True
40202,True
10197,True
75147,True
60226,True
10237,True
10781,True
5489,True
76912,True
60292,True
76115,True
9498,True
60260,True
75904,True
75297,True
40641,True
2182,True
10313,True
7036,True
31034,True
3939,True
60349,True
6112,True
70230,True
7942,True
6946,True
21056,True
75349,True
70221,True
40236,True
7600,True
71737,True
70361,True
8727,True
8496,True
41615,True
70102,True
40519,True
31054,True
70129,True
75128,True
40476,True
60230,True
8423,True
7291,True
40156,True
40252,True
76017,True
6201,True
70738,True
71749,True
6193,True
10995,True
20002,True
42073,True
7783,True
76172,True
40492,True
60153,True
10255,True
60137,True
60263,True
41530,True
41327,True
70805,True
4933,True
41719,True
5613,True
40207,True
60172,True
8927,True
41738,True
21150,True
60234,True
71264,True
75976,True
76147,True
41618,True
50011,True
40161,True
76123,True
10321,True
5507,True
60253,True
8626,True
71235,True
8702,True
10659,True
41252,True
75917,True
10708,True
8934,True
21249,True
76175,True
70834,True
10778,True
21323,True
21343,True
66358,True
40084,True
60275,True
21009,True
71790,True
8719,True
3857,True
41140,True
60006,True
75825,True
41632,True
41340,True
70124,True
60288,True
76062,True
31091,True
71759,True
5971,True
70594,True
42078,True
70146,True
76046,True
60081,True
60241,True
40351,True
79104,True
41337,True
80043,True
21305,True
8135,True
80009,True
71206,True
41003,True
70661,True
2520,True
10895,True
7188,True
76911,True
71174,True
70677,True
70623,True
76065,True
5765,True
41046,True
40182,True
76186,True
41732,True
21047,True
41344,True
60026,True
41525,True
8959,True
76400,True
7979,True
41566,True
60265,True
70363,True
10685,True
41508,True
17101,True
40499,True
41369,True
21044,True
70668,True
60112,True
80046,True
40516,True
40262,True
40524,True
8903,True
70825,True
40012,True
71408,True
41306,True
21026,True
6186,True
70689,True
10262,True
70654,True
41044,True
60020,True
41110,True
10279,True
11011,True
3367,True
75295,True
21307,True
70419,True
5537,True
40482,True
76202,True
7882,True
9476,True
3935,True
21174,True
71799,True
21337,True
70789,True
8989,True
70163,True
21107,True
42065,True
42083,True
31125,True
76005,True
43203,True
42032,True
44028,True
7554,True
31090,True
76206,True
70313,True
31014,True
66395,True
10261,True
31001,True
4891,True
41553,True
31025,True
41551,True
71016,True
4209,True
4898,True
76240,True
31206,True
10935,True
4636,True
75324,True
76256,True
8956,True
76051,True
7623,True
75183,True
2508,True
8699,True
80015,True
41704,True
60146,True
2928,True
70727,True
2193,True
7731,True
20018,True
5611,True
8940,True
41753,True
66383,True
10297,True
10295,True
8120,True
40219,True
60386,True
9641,True
40553,True
75298,True
76415,True
76018,True
70707,True
2259,True
76916,True
40237,True
60300,True
41021,True
75094,True
41552,True
8866,True
10283,True
76145,True
70634,True
6873,True
40120,True
40139,True
4440,True
8046,True
75158,True
76423,True
5528,True
75937,True
8987,True
7092,True
8671,True
10152,True
3570,True
76915,True
41535,True
71412,True
21032,True
7936,True
76073,True
71209,True
8066,True
8274,True
42145,True
76898,True
76171,True
10228,True
7453,True
10278,True
4915,True
7772,True
60031,True
8121,True
75238,True
21206,True
60256,True
71248,True
7162,True
8085,True
8547,True
75006,True
31085,True
8668,True
41108,True
75910,True
60231,True
75327,True
4181,True
10975,True
70801,True
10938,True
70589,True
8979,True
8259,True
8160,True
41048,True
40141,True
4628,True
10303,True
8911,True
44025,True
10275,True
8076,True
66380,True
41374,True
5886,True
75942,True
76081,True
70200,True
8667,True
60127,True
21164,True
60098,True
5898,True
7944,True
6229,True
31121,True
8142,True
8635,True
10724,True
31051,True
70166,True
10991,True
71457,True
40380,True
76402,True
8882,True
60007,True
40261,True
10692,True
76208,True
41345,True
76219,True
7656,True
4431,True
3830,True
70702,True
79117,True
76237,True
76067,True
60115,True
8080,True
41059,True
71753,True
10693,True
70418,True
4957,True
75234,True
41007,True
75179,True
60166,True
70652,True
40548,True
71469,True
8998,True
41010,True
21125,True
42155,True
70169,True
40431,True
76897,True
70327,True
75086,True
40272,True
41177,True
10694,True
60363,True
11033,True
41113,True
3864,True
42027,True
41679,True
8676,True
41255,True
75338,True
8189,True
8261,True
21173,True
75194,True
75152,True
75352,True
43205,True
7701,True
70109,True
5515,True
31015,True
41367,True
70721,True
41351,True
75331,True
42075,True
42043,True
8123,True
31136,True
76009,True
70141,True
75894,True
76118,True
70314,True
10962,True
8169,True
7655,True
75255,True
41682,True
70795,True
7021,True
8725,True
9314,True
80034,True
41315,True
8270,True
31094,True
60359,True
21177,True
31041,True
7590,True
41087,True
31138,True
60174,True
40216,True
41065,True
41727,True
60262,True
60161,True
40568,True
4958,True
76114,True
7041,True
70709,True
41385,True
10751,True
31198,True
76250,True
42100,True
4437,True
44004,True
11006,True
10320,True
42160,True
3860,True
5980,True
7707,True
60129,True
71247,True
75242,True
21246,True
4918,True
10185,True
50004,True
41107,True
70726,True
21154,True
5578,True
21250,True
75125,True
79007,True
8065,True
40463,True
42110,True
75176,True
7637,True
21304,True
41005,True
44018,True
10676,True
70791,True
7245,True
70783,True
75058,True
8708,True
41624,True
40546,True
42066,True
70320,True
76086,True
4200,True
76059,True
75091,True
7636,True
76066,True
41447,True
71211,True
76401,True
41757,True
8913,True
40133,True
42127,True
40093,True
43197,True
41728,True
21024,True
31007,True
75525,True
41518,True
41141,True
41233,True
60285,True
42108,True
8931,True
60055,True
75039,True
70226,True
76918,True
7679,True
60134,True
8198,True
8426,True
5601,True
41368,True
8863,True
70725,True
4956,True
6913,True
72001,True
7616,True
5974,True
79011,True
8905,True
7782,True
40545,True
7078,True
41238,True
10231,True
30004,True
7931,True
21028,True
7165,True
80025,True
5380,True
70690,True
60196,True
76038,True
8528,True
71411,True
70749,True
41572,True
10745,True
6117,True
76052,True
71409,True
4191,True
6208,True
21018,True
7898,True
8256,True
41178,True
70009,True
42009,True
10244,True
2282,True
40273,True
76069,True
60393,True
42114,True
50006,True
8140,True
75076,True
10292,True
70785,True
41625,True
8164,True
75913,True
8925,True
42000,True
31050,True
5647,True
8690,True
21156,True
8109,True
60188,True
71735,True
7592,True
9457,True
40336,True
75103,True
70706,True
6910,True
40270,True
5883,True
8871,True
71214,True
41510,True
60315,True
70164,True
21171,True
8679,True
31003,True
8166,True
10177,True
71040,True
10672,True
8939,True
60264,True
3185,True
20017,True
11017,True
8297,True
21331,True
4837,True
8924,True
75347,True
5595,True
7307,True
75881,True
7747,True
7621,True
21336,True
41536,True
10712,True
8870,True
21163,True
40619,True
44021,True
42120,True
40378,True
41700,True
2192,True
60114,True
5482,True
7717,True
21184,True
7288,True
71374,True
60076,True
42005,True
10218,True
40428,True
10225,True
41050,True
76398,True
3942,True
60361,True
76949,True
3842,True
9093,True
76992,True
79105,True
10889,True
6209,True
7880,True
71756,True
4205,True
8193,True
75181,True
70917,True
31063,True
21308,True
60195,True
9485,True
6869,True
40085,True
41752,True
60060,True
70701,True
75148,True
8409,True
70331,True
41317,True
7197,True
8688,True
75972,True
42081,True
8145,True
10770,True
8869,True
70203,True
3825,True
75127,True
8728,True
8709,True
40083,True
70604,True
7691,True
10762,True
9489,True
8183,True
41142,True
7634,True
41324,True
60184,True
44010,True
70848,True
75956,True
70128,True
7641,True
10280,True
40220,True
80014,True
41330,True
60148,True
7020,True
42162,True
75174,True
60012,True
21145,True
75920,True
21108,True
5497,True
41580,True
7697,True
3833,True
3365,True
4953,True
9656,True
71381,True
71746,True
6212,True
7732,True
21137,True
70820,True
41506,True
60387,True
30008,True
10746,True
21324,True
41052,True
7346,True
70816,True
20011,True
8156,True
10304,True
75096,True
75877,True
21185,True
70425,True
70324,True
40359,True
41520,True
75175,True
31124,True
70603,True
41567,True
9474,True
8292,True
41190,True
41008,True
70229,True
8049,True
41743,True
21129,True
60054,True
30031,True
42028,True
8185,True
41485,True
31047,True
42020,True
5981,True
3847,True
75273,True
60083,True
70134,True
75336,True
7546,True
40541,True
60225,True
4429,True
75111,True
7094,True
4982,True
60005,True
31132,True
5623,True
41718,True
80036,True
71459,True
75201,True
9279,True
42133,True
11014,True
7593,True
8195,True
40460,True
3872,True
41616,True
75144,True
41565,True
8867,True
41708,True
40198,True
70348,True
8918,True
70208,True
21035,True
60217,True
8996,True
9558,True
75274,True
71237,True
40377,True
75192,True
75918,True
3594,True
66374,True
41569,True
60110,True
71306,True
21334,True
8912,True
31004,True
40086,True
75534,True
75573,True
7169,True
80012,True
3856,True
79120,True
31079,True
75228,True
10740,True
7885,True
10736,True
40058,True
8916,True
71719,True
70420,True
60078,True
40002,True
10199,True
7929,True
70832,True
10907,True
40154,True
3844,True
3661,True
75550,True
43215,True
7147,True
8260,True
75312,True
70684,True
31203,True
40539,True
8404,True
76014,True
5576,True
8484,True
7613,True
75191,True
40091,True
76421,True
7345,True
75032,True
75008,True
10246,True
41011,True
3061,True
75074,True
76010,True
41038,True
70401,True
42098,True
9585,True
76387,True
21121,True
10959,True
41712,True
6934,True
76238,True
75121,True
21179,True
43115,True
40638,True
8707,True
7573,True
41559,True
60003,True
30033,True
41606,True
9384,True
75082,True
10782,True
75106,True
9462,True
70611,True
71348,True
7622,True
41631,True
79116,True
75810,True
75239,True
10715,True
75046,True
7577,True
75313,True
21006,True
70644,True
76157,True
75120,True
75883,True
20015,True
70151,True
40386,True
5643,True
41350,True
76193,True
41055,True
9674,True
41514,True
41394,True
40354,True
21101,True
8982,True
41163,True
9247,True
60314,True
79005,True
41601,True
40543,True
41620,True
60281,True
31013,True
79010,True
41149,True
41118,True
80008,True
6860,True
60374,True
43182,True
41591,True
42154,True
43208,True
10990,True
41251,True
42089,True
79103,True
75131,True
8878,True
60056,True
76179,True
8097,True
9488,True
79008,True
9689,True
5659,True
10684,True
76173,True
10222,True
10307,True
3187,True
10309,True
70437,True
8694,True
8077,True
4896,True
70620,True
70784,True
9455,True
60090,True
75230,True
40650,True
71795,True
76103,True
8141,True
71406,True
42035,True
41561,True
60163,True
41146,True
9333,True
7978,True
76896,True
6127,True
41124,True
70640,True
21142,True
8161,True
40461,True
80037,True
8953,True
3841,True
42061,True
40649,True
70003,True
8992,True
5813,True
70605,True
41365,True
8495,True
20016,True
41127,True
8730,True
4193,True
8048,True
42042,True
75899,True
42072,True
75308,True
2258,True
60102,True
31087,True
5622,True
42025,True
21325,True
41322,True
8110,True
7948,True
44009,True
8289,True
40155,True
70168,True
42022,True
41689,True
75113,True
75115,True
3831,True
40615,True
7736,True
41521,True
43221,True
8059,True
9481,True
6745,True
3182,True
10791,True
60095,True
3222,True
70808,True
76019,True
60113,True
70428,True
7167,True
7754,True
7583,True
8948,True
76152,True
31126,True
76153,True
76036,True
7596,True
44029,True
75529,True
40268,True
41305,True
70779,True
41067,True
8114,True
41006,True
71707,True
41132,True
41338,True
10224,True
71424,True
2230,True
8632,True
40469,True
10743,True
70638,True
71776,True
41309,True
41300,True
8273,True
75367,True
71699,True
6205,True
60376,True
70411,True
70353,True
9678,True
60327,True
10785,True
21151,True
8263,True
60050,True
70745,True
76138,True
60175,True
70901,True
41109,True
71222,True
7595,True
76242,True
71239,True
70002,True
5657,True
76994,True
70741,True
21045,True
76169,True
31313,True
66357,True
10175,True
41332,True
41234,True
76110,True
21147,True
70822,True
11005,True
21330,True
70356,True
41488,True
9648,True
75130,True
42082,True
10960,True
20004,True
70910,True
41074,True
9669,True
7714,True
76194,True
76241,True
60105,True
40616,True
41598,True
20008,True
66387,True
70786,True
66377,True
42039,True
43210,True
40166,True
10240,True
41384,True
60109,True
41114,True
5969,True
5649,True
76035,True
10969,True
43191,True
40217,True
7718,True
71792,True
8159,True
75149,True
21017,True
6210,True
20009,True
21143,True
76226,True
75970,True
10761,True
60193,True
10264,True
60293,True
40654,True
3931,True
76184,True
41540,True
9466,True
8947,True
7751,True
71303,True
70819,True
75126,True
76056,True
70739,True
71765,True
70225,True
75224,True
60357,True
76026,True
75162,True
43184,True
76905,True
41703,True
7675,True
5885,True
75280,True
41116,True
8722,True
3855,True
21183,True
7649,True
71738,True
41071,True
41341,True
10404,True
40371,True
76096,True
41547,True
76403,True
75043,True
80006,True
4986,True
9397,True
40570,True
71775,True
43212,True
8051,True
41747,True
41175,True
43224,True
70350,True
43172,True
41121,True
4182,True
8134,True
43180,True
8625,True
41534,True
40212,True
7798,True
9493,True
41009,True
60165,True
43214,True
41165,True
79102,True
8158,True
7136,True
7585,True
9500,True
75169,True
8295,True
44008,True
44023,True
60002,True
43170,True
4736,True
31128,True
10259,True
40422,True
76943,True
76155,True
60385,True
70351,True
75823,True
42002,True
71301,True
71456,True
41397,True
7173,True
75571,True
70782,True
76146,True
44014,True
60124,True
60370,True
10269,True
71212,True
9473,True
