10193,Medieval Market Village
10194,Emerald Night
10195,Republic Dropship mit AT-OT Walker
10196,Großes Karussel
10197,Feuerwache
10198,Tantive IV
10199,Weihnachtlicher Spielzeugladen
10287,Intelligent NXT Brick (Black)
20007,Venator
20008,Tow Truck
20009,AT-TE Walker - Mini
20010,Republic Attack Gunship
20011,Müllwagen BrickMaster Exclusive
20012,BrickMaster
2009,Heart 2009
21002,Empire State Building
21003,Seattle Space Needle
21004,"Architecture Baukasten, Solomon R. Guggenheim Museum"
21005,Fallingwater®
30000,Doctor With Car
30001,Feuerwehrmann Auto
30002,Polizeiboot
30003,Straßenwalze
30004,Battle Droid on STAP
30005,Imperial Speed Bike
30006,Clone Walker
30008,Snowman
30009,Christmas Tree
3594,Bob und Sprinti in der Werkstatt
3833,Abenteuer in der Krossen Krabbe
3834,Nachbarschaft in Bikini Bottom
3835,Robo Champ
3836,Magikus
3837,Monster 4
3838,Lava Dragon
3839,Race 3000
3840,Pirate Code
3841,Minotaurus
3842,Lunar Command
3843,Ramses Pyramid
3844,Creationary
40000,Santa Claus in the Snow
40001,Santa Claus
40002,Christmas Tree
40003,Snowman
4899,Farmer & Tractor
5416,LEGO® DUPLO® Brick Box
5487,Steinebox mit Schüttfunktion
5489,Ultimatives Fahrzeug Set
5538,Bausteineeimer
5539,Steinebox Bausteineeimer
5560,Große Mädchen-Steinebox
5573,LEGO Build & Play (Red Tub)
5587,Basic Bricks with Fun Figures
5589,Giant Box
5595,Großer Flughafen
5638,Postbote
5642,Tipper Truck
5969,Squid's Flucht
5970,Jagd auf Tentakel
5971,Überfall auf den Goldtransport
5972,Containerraub
5973,Überschall Verfolgung
5974,Galaktisches Gefängnisraumschiff
5979,Max Security Transport
5980,Alien Werkstatt
6191,Bausteine Feuerwehr
6192,Bausteine Piraten
6193,Bausteine Burg
6194,My Own LEGO Town
6239,Jagd nach der Schatzkarte
6240,Piraten-Floß
6241,Schatzinsel
6242,Soldaten-Fort
6243,Großes Piratenschiff
6253,Schiffswrack
6299,Advent Calendar 2009 Pirates
6299,Advent Calendar 2009 Pirates (Day  9) - Plants and Crab
6299,Advent Calendar 2009 Pirates (Day 10) - Barrel with Tools
6299,Advent Calendar 2009 Pirates (Day 11) - Castaway
6299,Advent Calendar 2009 Pirates (Day 12) - Fish over Fire
6299,Advent Calendar 2009 Pirates (Day 13) - Monkey
6299,Advent Calendar 2009 Pirates (Day 14) - Mermaid
6299,Advent Calendar 2009 Pirates (Day 15) - Clam and Plant
6299,Advent Calendar 2009 Pirates (Day 16) - Table with Food and Rat
6299,Advent Calendar 2009 Pirates (Day 17) - Imperial Soldier II
6299,Advent Calendar 2009 Pirates (Day 18) - Weapon Stand
6299,Advent Calendar 2009 Pirates (Day  1) - Captain Brickbeard
6299,Advent Calendar 2009 Pirates (Day 19) - Pirate
6299,Advent Calendar 2009 Pirates (Day 20) - Barrel and Paddle
6299,Advent Calendar 2009 Pirates (Day 21) - Sawfish
6299,Advent Calendar 2009 Pirates (Day 22) - Skeleton and Snake
6299,Advent Calendar 2009 Pirates (Day 23) - Brick Arch with Fire and
6299,Adventskalender
6299,Advent Calendar 2009 Pirates (Day  2) - Table with Lamp and Map
6299,Advent Calendar 2009 Pirates (Day  3) - Parrot on Perch
6299,Advent Calendar 2009 Pirates (Day  4) - Imperial Soldier II Offi
6299,Advent Calendar 2009 Pirates (Day  5) - Cannon
6299,Advent Calendar 2009 Pirates (Day  6) - Crocodile
6299,Advent Calendar 2009 Pirates (Day  7) - Pirate Female
6299,Advent Calendar 2009 Pirates (Day  8) - Raft with Flagpole
66284,LEGO Build and Play Value Pack
66305,Polizei Superpack 7743 / 7245 / 7235
66306,City Super Pack 3 in 1 (7736 7737 7738)
66307,City Super Pack (7245 7732 8401)
66308,Star Wars Super Pack 3 in 1 (7667 7668 8017)
66318,8259 Mini Bulldozer
66319,Power Miners Super Pack 3 in 1 (8709 8958 8959)
66325,City Super Pack 4 in 1 (7898 7997 7895 7896)
66326,City Super Pack 4 in 1 (7239 7245 8401 7638)
66328,City Super Pack 6 in 1 (7630 5610 5612 5613 7942 7236)
66329,City Super Pack 3 in 1 (7236 7741 7942)
66330,City Super Pack 5 in 1 (7632 7746 7990 8401 5620)
66331,City Super Pack 3 in 1 (7630 7633 7990)
6741,Mini Düsenjet
6742,Mini Geländewagen
6743,Grüner Flitzer
6745,Gelbe Flieger
6747,Blaue Rennmaschine
6751,Fiery Legend
6752,Fire Truck
6753,Autotransporter
6754,Family Home
7078,Königliche Angriffskutsche (exklusiv bei Amazon.de)
7079,Verteidigung der Zwergenbrücke (exklusiv bei Amazon.de)
7097,Bergfestung der Trolle
7195,Ambush in Cairo
7196,Indiana Jones Chauchilla Friedhof Schlacht
7197,Venice Canal Chase
7198,Fighter Plane Attack
7199,Temple of Doom
7615,Basic Blue Bucket
7616,Basic Red Bucket
7630,Frontlader
7631,Kipper
7632,Raupenkran
7633,Baustelle
7634,Traktor
7635,Pferdetransporter
7636,Mähdrescher
7637,Bauernhof
7638,Tow Truck
7639,Camper
7641,City Corner
7642,Garage
7643,Air Show Plane
7682,INDIANA JONES JAGD DURCH SHANGHAI
7683,INDIANA JONES KAMPF IM NURFLÜGLER
7685,Bulldozer
7686,Transporter mit Hubschrauber
7687,Advent Calendar 2009 City
7687,Advent Calendar 2009 City (Day  9) Traffic Light
7687,Advent Calendar 2009 City (Day 10) Letter Carrier
7687,Advent Calendar 2009 City (Day 11) ATV
7687,Advent Calendar 2009 City (Day 12) Crate and Present
7687,Advent Calendar 2009 City (Day 13) Chef and Cup
7687,Advent Calendar 2009 City (Day 14) Coffee Stand
7687,Advent Calendar 2009 City (Day 15) Park Bench
7687,Advent Calendar 2009 City (Day 16) Street Cleaner
7687,Advent Calendar 2009 City (Day 17) Wheelbarrow and Snowballs
7687,Advent Calendar 2009 City (Day 18) Fountain
7687,Advent Calendar 2009 City (Day  1) Minifigure and Snowballs
7687,Advent Calendar 2009 City (Day 19) Child and RC Car
7687,Advent Calendar 2009 City (Day 20) RC Car Cones and Flag
7687,Advent Calendar 2009 City (Day 21) Lumberjack
7687,Advent Calendar 2009 City (Day 22) Chainsaw Sawhorse and Log
7687,Advent Calendar 2009 City (Day 23) Christmas Tree
7687,Advent Calendar 2009 City (Day 24) Santa and Fireplace
7687,Advent Calendar 2009 City (Day  2) Snowman
7687,Advent Calendar 2009 City (Day  3) Sleigh
7687,Advent Calendar 2009 City (Day  4) Minifigure on Skates
7687,Advent Calendar 2009 City (Day  5) Skate Stand
7687,Advent Calendar 2009 City (Day  6) Street Light with Garland
7687,Advent Calendar 2009 City (Day  7) Police Officer with Loudhaile
7687,Advent Calendar 2009 City (Day  8) Road Barrier
7746,Straßenwalze
7747,Windturbinen-Transporter
7748,Corporate Alliance Tank Droid
7749,Echo Base
7751,Ahsoka's Starfighter & Vulture Droid
7752,Clone Wars Count Dookus Solar Sailer
7753,Pirate Tank
7754,Home One Mon Calamari Star Cruiser - Limited Edition
7778,Midi-Scale Millenium Falke 356-teilig
7800,Racers Off Road Racer
7801,Roter Rennwagen (Polybeutel)
7802,Schwarzer Rennwagen (Polybeutel)
7803,Jeep
7804,Lizard / Echse / Eidechse Minibausatz
7805,Hai
7808,Gelbes Flugzeug
8014,Clone Walker Battle Pack
8015,Assassin Droids Battle Pack
8016,Hyena Droid Bomber
8017,Darth Vader's Tie Fighter
8018,Separatist AAT
8019,Republic Attack Shuttle
8033,"STAR WARS Mini Grievous Starfighter, Promotion-Artikel"
8036,Separatist Shuttle
8037,Anakin's Y-wing Starfighter
8038,The Battle of Endor
8039,Republikanischer Angriffskreuzer Venator Klasse
8063,Traktor mit Anhänger
8119,Thunder Racer
8120,Rally Sprinter
8121,Track Marshal
8122,Desert Viper
8123,Ferrari F1 Racers
8124,Ice Rally
8125,Thunder Racerway
8126,Desert Challenge
8157,Ferrari F1 1:9
8162,Race Rig
8163,Blue Sprinter
8164,Extreme Wheelie
8165,Monster Jumper
8166,Wing Jumper
8167,Jump Riders
8168,Ferrari Victory
8169,Lamborghini Gallardo LP 560-4
8182,Monster Crushers
8183,Track Turbo RC
8184,Twin X-treme RC
8185,Ferrari Truck
8186,Street Extreme
8256,Go-Kart
8258,Truck mit Power-Schwenkkran
8259,Mini-Bulldozer
8260,Mini-Traktor
8261,Power-Truck
8262,Quad Bike
8263,Snow Groomer
8264,Knickgelenk-Laster
8265,Front Loader
8396,Soldat
8397,Gestrandeter Pirat
8398,Grillstand
8399,K-9 Bot
8400,Space Speeder
8401,Minifiguren und Straßenschilder
8402,Sports Car
8547,MINDSTORMS® NXT 2.0
8707,Dynamitschleuder
8708,Gesteinsfräser
8709,Underground Mining Station
8866,Train Motor
8867,Flexible Train Tracks
8869,Power Functions Schalter
8870,Power Functions LED-Lichter
8871,"Power Functions-Verlängerungskabel, 50 cm"
8878,Power Functions Akku
8879,Power Functions Infrarot-Fernsteuerung
8887,Power Functions Transformer 10VDC
8907,Rock Hacker
8908,Monster Launcher
8956,Miners Stone Chopper
8957,Tunnelläufer
8958,Felssprenger
8959,Kristallschürfer
8960,Granitbohrer
8961,Kristallsammler
8962,Crystal King
8963,Tunnelfräser
8964,Titanium Command Rig
8967,Gold Tooth's Getaway
8968,River Heist
8969,4-Wheeling Pursuit
8970,Robo Attack
8971,Aerial Defense Unit
8972,Atakus
8973,Raanu
8974,Tarduk
8975,Berix
8976,Metus
8977,Zesk
8978,Skrall
8979,Malum
8980,Gresh
8981,Tarix
8982,Strakk
8983,Vorox
8984,Stronius
8985,Ackar
8986,Vastus
8987,Kiina
8988,Gelu
8989,Mata Nui
8990,Fero & Skirmix
8991,Tuma
8992,Cendox V1
8993,Fahrzeug 251 Teile
8994,Bionicle Fahrzeuge Baranus V7
8995,Bionicle Fahrzeuge Thornatus V9
8996,Skopio XV-1
8998,Toa Mata Nui
9331,BuildToExpress Set
9580,WeDo Robotics Construction Set
9581,WeDo Robotics USB Hub
9583,WeDo Robotics Motion Sensor
9584,WeDo Robotics Tilt Sensor
9585,LEGO® Education WeDo Resource Set
9686,Simple and Motorized Mechanisms Base Set
9689,Simple Machines Set
9698,FIRST LEGO League Challenge 2009 - Smart Move
9749,NXT Temperature Sensor
DKSS,Standing Small
fdp01,LEGO Familiedage Puzzle Promo 2009
K5974,Space Police Collection
K6243,Big Pirates Collection
K7741,City Police Collection
K8107,Golden City Collection
K8882,Power Functions Train Accessories Pack
K8956,Power Miners Collection
K8978,Bionicle Glatorian Collection
ldd3,LEGO Digital Designer Promo
lwp01,LEGO World Denmark Puzzle Promo
lwp02,LEGO World Zwolle Puzzle Promo 2009
MFCN,Chinese Minifig Collection Volume 1
MFCN,Chinese Minifig Collection Volume 2
mln09,My Lego Network Promo LEGO World 2009
